"";"MSETrain";"MSEValid"
"1";0,0498289989201603;0,0360446440709102
"2";0,043790211459304;0,0323582500606388
"3";0,0381052067474916;0,0285238693286846
"4";0,0325604728455352;0,025165759123765
"5";0,0280647304286243;0,0228103972100592
"6";0,0249541675498846;0,0214281144080224
"7";0,0229618744446732;0,0207067650633973
"8";0,0217005865914481;0,020359746821515
"9";0,0208881235321087;0,020204259203626
"10";0,0203519098967024;0,0201397391108723
"11";0,0199892438235131;0,0201151881899152
"12";0,0197377767047009;0,0201061360247723
"13";0,0195586446584842;0,0201015843973531
"14";0,01942720161893;0,0200970977931828
"15";0,0193276702944349;0,020091210092817
"16";0,0192497811601827;0,0200839073627026
"17";0,019186883627459;0,0200756416692362
"18";0,0191346061378511;0,0200670353777997
"19";0,0190900360826976;0,0200586288006275
"20";0,0190512251093384;0,0200508724559437
"21";0,0190168055350506;0,0200440697855764
"22";0,0189858620441241;0,0200384282446527
"23";0,0189576962453813;0,0200340128564215
"24";0,0189318425447038;0,020030849939817
"25";0,0189079094197648;0,0200288837606257
"26";0,0188856415874254;0,0200280214284922
"27";0,0188647903780997;0,0200281654085432
"28";0,0188451878075461;0,0200291670762099
"29";0,0188266883776026;0,0200309288966191
"30";0,0188091571717917;0,0200332821189583
"31";0,0187924751461627;0,0200361152748009
"32";0,0187765973285564;0,0200393153475477
"33";0,0187614086431538;0,0200427600315639
"34";0,018746860149664;0,0200463657255297
"35";0,0187328473539524;0,0200500178646732
"36";0,0187193649651769;0,0200536591666085
"37";0,0187063415569671;0,0200572277044321
"38";0,0186937321571636;0,0200606414249965
"39";0,0186814944390285;0,0200638554312966
"40";0,0186696085619034;0,0200668279226724
"41";0,0186580150038128;0,020069543417398
"42";0,0186467177328885;0,0200719291513616
"43";0,0186356492908917;0,0200739696428373
"44";0,018624811000533;0,0200756617954799
"45";0,0186141697940483;0,0200769916757361
"46";0,0186036965718051;0,0200779360610169
"47";0,0185933992700669;0,020078477921424
"48";0,0185832263031217;0,0200786203533024
"49";0,0185731842845224;0,0200783556157892
"50";0,0185632467600575;0,0200777038351282
"51";0,0185533753711208;0,02007663559604
"52";0,0185436058308976;0,0200751555430425
"53";0,0185339063943342;0,020073288446897
"54";0,0185242466390877;0,0200710017959793
"55";0,0185146212743159;0,0200683250055685
"56";0,0185050316227293;0,0200652627201823
"57";0,0184954657799328;0,0200617979099224
"58";0,0184858774510567;0,0200579646345857
"59";0,0184763261580765;0,0200537396715833
"60";0,0184667457654638;0,0200491555325397
"61";0,0184571481776138;0,0200441889948659
"62";0,0184475333945265;0,020038855540288
"63";0,0184378815755434;0,0200331768432221
"64";0,0184281649437427;0,020027138970115
"65";0,0184184073079145;0,0200207543063473
"66";0,018408602054506;0,0200140135628837
"67";0,0183987015659369;0,0200069368659676
"68";0,0183887389099714;0,0199995149265636
"69";0,0183787114411882;0,019991769419088
"70";0,018368568896586;0,0199836709282615
"71";0,0183583469893499;0,0199752612547441
"72";0,018348003392742;0,0199665001460484
"73";0,0183375553019996;0,0199574123729359
"74";0,0183269670039374;0,0199479994835792
"75";0,0183162755344513;0,0199382537371152
"76";0,0183054134353024;0,0199281751335441
"77";0,0182944058379915;0,0199177729619014
"78";0,0182832937465461;0,0199070317404611
"79";0,0182719554715944;0,0198959607582588
"80";0,0182604611167961;0,0198845445335685
"81";0,0182488014231773;0,0198727923554259
"82";0,0182369380321317;0,0198606856457599
"83";0,0182248735890805;0,01984821821188
"84";0,018212594866918;0,0198354179208929
"85";0,0182001031883547;0,0198222692910727
"86";0,0181873787127322;0,0198087413589676
"87";0,0181743976312603;0,0197948325764049
"88";0,0181611837527292;0,0197805522324203
"89";0,0181476947504009;0,0197658771044248
"90";0,018133913429038;0,0197508071924185
"91";0,0181198424340617;0,0197353486890917
"92";0,0181054897017353;0,0197194659864748
"93";0,018090827455137;0,0197031482473596
"94";0,0180758332081873;0,0196863985680915
"95";0,0180604963792015;0,0196692092078073
"96";0,0180447971275213;0,0196515662329538
"97";0,0180287632300685;0,0196334355837339
"98";0,0180123113560776;0,0196148141638025
"99";0,0179954758960232;0,0195957128103677
"100";0,0179782330411152;0,0195760835300792
"101";0,0179605589825634;0,0195559232265918
"102";0,0179424431386834;0,0195352117736618
"103";0,0179238775732117;0,0195139367859085
"104";0,0179048318638054;0,0194920967151592
"105";0,0178852980742011;0,0194696528570993
"106";0,0178652550410298;0,0194465680555864
"107";0,0178446617602641;0,0194228624368643
"108";0,0178235526223785;0,01939848645941
"109";0,0178018681053976;0,0193734323823607
"110";0,0177796121774533;0,0193476754349548
"111";0,0177567583843342;0,0193212063281567
"112";0,0177332829172502;0,0192939662314081
"113";0,0177091513857266;0,0192659535965362
"114";0,0176844008256592;0,0192371452009523
"115";0,0176589188066501;0,0192075038885141
"116";0,0176327582371218;0,0191770126293232
"117";0,0176058701767835;0,019145646652618
"118";0,0175782294941345;0,0191133610613934
"119";0,0175498335437537;0,0190801527593043
"120";0,0175206505805874;0,0190459691084825
"121";0,0174906303416343;0,0190107853381665
"122";0,0174597820858684;0,0189745766775949
"123";0,0174280793590784;0,0189373059706254
"124";0,0173954851253684;0,018898943801979
"125";0,0173619570580005;0,0188594483709955
"126";0,0173274964796852;0,0188188010996038
"127";0,0172920782589218;0,0187769586389715
"128";0,0172556428737349;0,0187338946701644
"129";0,0172182154556253;0,0186895782297308
"130";0,0171797087056958;0,0186439442944217
"131";0,0171401504008681;0,0185969990569276
"132";0,0170994638239296;0,0185486867830351
"133";0,0170576304569324;0,0184989718647746
"134";0,0170146569134293;0,0184478186941766
"135";0,0169704770578921;0,018395200952307
"136";0,0169250644361097;0,0183410752903331
"137";0,0168783952392917;0,0182854215820114
"138";0,0168304496267798;0,018228182544956
"139";0,0167811614630457;0,0181693566309941
"140";0,0167305452979057;0,0181088757205319
"141";0,0166785455775162;0,0180467289763612
"142";0,0166251398157974;0,0179828978204108
"143";0,0165703213991967;0,0179173311629853
"144";0,0165140096423695;0,0178500166187039
"145";0,0164562309995273;0,0177809309649777
"146";0,0163969166897206;0,0177100385938372
"147";0,0163360958125819;0,0176373364089371
"148";0,0162736969417408;0,0175627888023079
"149";0,0162097253680395;0,0174863926776044
"150";0,0161441546372666;0,0174081263604102
"151";0,0160769596179216;0,0173279836580351
"152";0,0160081363418727;0,0172459599259612
"153";0,0159376821636988;0,0171620474233256
"154";0,0158655653383464;0,0170762430537831
"155";0,0157918123200267;0,0169885638472322
"156";0,0157164098816341;0,0168990020628099
"157";0,0156393408279313;0,0168075964048311
"158";0,0155606448402352;0,0167143360360876
"159";0,0154803258866774;0,016619264305412
"160";0,0153983773537052;0,0165223951463575
"161";0,0153148561178729;0,0164237858413102
"162";0,0152297740835753;0,0163234255530617
"163";0,0151431682867085;0,0162214180091759
"164";0,0150550784085891;0,0161177755950333
"165";0,0149655428078237;0,016012581911954
"166";0,0148746342334933;0,0159058756642527
"167";0,0147823778170984;0,0157977342605591
"168";0,0146888873117476;0,0156882397540204
"169";0,0145941838808099;0,0155774834868196
"170";0,0144983826001044;0,0154655366748958
"171";0,0144015628322649;0,0153525169793662
"172";0,0143038237805836;0,0152385049052053
"173";0,0142052289351676;0,0151236088244946
"174";0,014105914535205;0,0150079649764222
"175";0,0140059863975409;0,0148916662513436
"176";0,013905535789204;0,0147748736592082
"177";0,0138047267263045;0,0146576955720976
"178";0,0137036398941865;0,014540282162753
"179";0,0136024247591439;0,0144227572849819
"180";0,0135012069786802;0,0143052726596981
"181";0,0134001188238517;0,0141879769114705
"182";0,0132992991792676;0,0140710093758323
"183";0,0131988591526153;0,0139545295145605
"184";0,0130989680508469;0,01383866582598
"185";0,0129997197864125;0,0137235824163858
"186";0,0129012545666318;0,0136094279103465
"187";0,0128037086306928;0,0134963339025324
"188";0,012707204990678;0,0133844381803042
"189";0,0126118388817479;0,0132738707901595
"190";0,0125177306705639;0,0131647633267688
"191";0,0124249822058393;0,0130572334512488
"192";0,0123336874000242;0,012951402695148
"193";0,0122439441337003;0,0128473631747357
"194";0,0121558278013698;0,0127452201657481
"195";0,0120693979250079;0,0126450564954188
"196";0,0119847378353801;0,0125469371869967
"197";0,0119018806002507;0,0124509202969539
"198";0,011820876482621;0,0123570940711282
"199";0,0117417770682029;0,0122654933434028
"200";0,0116645955841022;0,0121761452067982
"201";0,0115893386438716;0,012089069787558
"202";0,0115160512196704;0,01200429263053
"203";0,0114447002437343;0,0119218369583031
"204";0,0113753121702747;0,011841665614735
"205";0,0113078420271325;0,011763794855638
"206";0,0112422964278603;0,0116882006843369
"207";0,0111786475955365;0,0116148428483443
"208";0,0111168558488441;0,0115437027695891
"209";0,0110569086220327;0,0114747370992388
"210";0,0109987411022848;0,011407905584806
"211";0,0109423142696386;0,0113431795850977
"212";0,0108876162196991;0,0112804561466366
"213";0,0108345570081481;0,0112197190136104
"214";0,0107830956309579;0,0111608923255623
"215";0,0107331857932589;0,011103925766883
"216";0,0106847884750895;0,0110487519920646
"217";0,0106378382022768;0,0109953237818433
"218";0,010592279420977;0,0109435621794168
"219";0,0105480618681888;0,0108934075801403
"220";0,010505131312779;0,0108447910903336
"221";0,0104634421212333;0,0107976391717985
"222";0,0104229169149835;0,0107519185388243
"223";0,0103835411442136;0,0107075626199896
"224";0,0103452552869482;0,0106644932325784
"225";0,0103079905622379;0,0106226778649665
"226";0,010271726468069;0,0105820507198185
"227";0,0102363962075581;0,0105425459997995
"228";0,0102019726651386;0,0105041373859752
"229";0,0101684161594936;0,0104667559846655
"230";0,0101356817184639;0,0104303685101596
"231";0,0101037276766667;0,0103949207764167
"232";0,010072530225312;0,0103603833681577
"233";0,0100420516671486;0,0103267059697733
"234";0,0100122595957678;0,0102938537473802
"235";0,00998313549322163;0,0102617972856992
"236";0,00995462049889002;0,0102304924618114
"237";0,0099267251944575;0,010199913730869
"238";0,00989941585080468;0,010170042514801
"239";0,00987266204558861;0,0101408447538103
"240";0,00984644592221666;0,0101122825176685
"241";0,00982073242885891;0,0100843418728222
"242";0,00979554074481853;0,0100570019189413
"243";0,00977082325251522;0,010030244077955
"244";0,00974657730652787;0,0100040389345838
"245";0,00972277050044765;0,00997838029613743
"246";0,00969940812511682;0,00995323178055999
"247";0,00967646769445581;0,00992860112871442
"248";0,00965393135187199;0,00990445815123521
"249";0,00963180174278651;0,00988078349596494
"250";0,00961006431738315;0,00985757484064474
"251";0,00958870055771403;0,00983481438128979
"252";0,00956770385022633;0,00981249050660567
"253";0,0095470794857623;0,00979059392755682
"254";0,00952678513758391;0,00976910451789955
"255";0,00950684263041545;0,00974802614806534
"256";0,00948723741444073;0,00972733249912014
"257";0,00946794964900129;0,00970701815245988
"258";0,00944898594764995;0,00968709394529268
"259";0,00943033374463636;0,00966753123642562
"260";0,00941198774911825;0,00964831299596019
"261";0,00939392547501605;0,00962944232024156
"262";0,00937616808569878;0,00961091766109714
"263";0,00935869309508685;0,00959272431088732
"264";0,00934149719640385;0,00957484911014507
"265";0,0093245618717019;0,00955729438112928
"266";0,00930790762299473;0,00954002683812922
"267";0,00929151262555804;0,0095230813150282
"268";0,00927536166822034;0,00950643071880588
"269";0,00925946996215312;0,00949006343816782
"270";0,00924383089380357;0,00947397560268253
"271";0,00922841470218399;0,00945814863427893
"272";0,00921323130762362;0,00944259491833774
"273";0,00919829129180697;0,00942730826216859
"274";0,00918355960290409;0,00941227395813186
"275";0,00916905277479703;0,009397503617522
"276";0,00915476287122242;0,00938295543967903
"277";0,00914068923082497;0,00936865419536442
"278";0,00912680606074869;0,00935459369188779
"279";0,00911313915384957;0,00934075922160954
"280";0,00909965676507407;0,00932713762506262
"281";0,00908637675101483;0,00931373122450593
"282";0,00907328720727675;0,00930053614950799
"283";0,00906037027726722;0,00928755627050028
"284";0,00904764844706584;0,00927478229844725
"285";0,00903508666484267;0,00926219875162298
"286";0,00902271072345369;0,00924980640411377
"287";0,00901048689377953;0,00923761222269628
"288";0,00899844625951844;0,00922558369574609
"289";0,00898656567323555;0,00921374094950688
"290";0,00897482860104882;0,00920207392085682
"291";0,00896326017445896;0,00919058648022738
"292";0,00895183592332054;0,00917925850137488
"293";0,00894055981576525;0,00916810159559374
"294";0,00892943714263535;0,00915709563664028
"295";0,00891845533818048;0,00914624294677338
"296";0,00890760514342669;0,00913555126685601
"297";0,0088968898651504;0,00912500898559372
"298";0,00888630685793047;0,00911459907308801
"299";0,0088758495082141;0,00910431456256222
"300";0,00886551980006711;0,0090941840952093
"301";0,00885531376535783;0,00908418522252665
"302";0,00884522280646759;0,00907429007740764
"303";0,00883524692339639;0,00906454123459853
"304";0,00882538942292064;0,00905491779376934
"305";0,00881564369148752;0,00904539885459008
"306";0,00880599385657026;0,00903599602835519
"307";0,00879647100186712;0,00902671550775503
"308";0,00878703610741646;0,00901753407020073
"309";0,00877770240032392;0,00900846332698673
"310";0,00876846326703668;0,0089994908927323
"311";0,00875932730517341;0,00899061057474706
"312";0,00875028062627319;0,00898183011389398
"313";0,00874131727813848;0,00897313402844714
"314";0,00873244651974322;0,0089645478632543
"315";0,00872366041482404;0,00895603368808697
"316";0,00871496359286791;0,00894761472553402
"317";0,00870633092237412;0,00893927471978324
"318";0,00869779679381732;0,00893102218578388
"319";0,00868932086452532;0,008922828482343
"320";0,0086809256205777;0,00891471450979059
"321";0,00867259717351355;0,00890666556048703
"322";0,0086643414755304;0,00889869634207193
"323";0,00865615125172016;0,00889079756550975
"324";0,00864802782479338;0,00888295839359234
"325";0,0086399625971314;0,00887518269675119
"326";0,00863196085957648;0,00886747434541777
"327";0,00862401996670748;0,00885980856883061
"328";0,00861613198226103;0,00885220317097453
"329";0,00860831410147446;0,00884465041098657
"330";0,00860053325658367;0,00883714951478042
"331";0,00859280928824712;0,00882972215677237
"332";0,00858514418053065;0,00882231260274912
"333";0,00857751743142053;0,00881496652380213
"334";0,00856993896124598;0,00880767153455066
"335";0,00856240744729644;0,00880042066821804
"336";0,00855492024415078;0,00879319612081949
"337";0,00854748065858542;0,00878601647042609
"338";0,00854007149536302;0,008778871653916
"339";0,00853271391785261;0,00877175238225367
"340";0,00852538279455346;0,00876471903417018
"341";0,00851809069121595;0,00875768336382779
"342";0,00851084488274816;0,0087506856237139
"343";0,0085036275125575;0,00874372271748332
"344";0,00849644453284149;0,00873679077470457
"345";0,008489293298179;0,00872988824720507
"346";0,00848217446992533;0,00872301745724368
"347";0,00847508341859349;0,00871616447126711
"348";0,00846803006451272;0,00870934941551902
"349";0,00846099126024815;0,00870254674515167
"350";0,00845398750781352;0,00869578510135799
"351";0,00844700888687959;0,00868903739111764
"352";0,00844005936557807;0,0086823059366895
"353";0,00843313034629028;0,00867561783109392
"354";0,0084262231517268;0,00866892198463539
"355";0,0084193344751112;0,00866225090893832
"356";0,00841248085032554;0,0086556084744342
"357";0,00840563979129024;0,0086489799734834
"358";0,00839881791155811;0,00864237392103517
"359";0,00839201454977387;0,00863580812107433
"360";0,00838523036729281;0,00862922916164646
"361";0,00837846205733851;0,00862266800620339
"362";0,00837171491075323;0,0086161292992629
"363";0,00836498628211584;0,00860959368866759
"364";0,00835828146226859;0,00860308052657487
"365";0,0083515746583555;0,00859658052394916
"366";0,0083448936472984;0,00859008284358235
"367";0,00833821726572828;0,00858361767483996
"368";0,00833156998379055;0,0085771463134072
"369";0,00832492402456339;0,00857068965961407
"370";0,00831829989006053;0,00856424693937425
"371";0,0083116856758869;0,00855780344504815
"372";0,00830507609120024;0,00855138007696573
"373";0,00829848700852731;0,00854496677200516
"374";0,00829190057127552;0,00853855965973495
"375";0,00828533265197161;0,0085321602883277
"376";0,00827876936215468;0,00852576633552452
"377";0,0082722226062198;0,00851939483122392
"378";0,00826568378654829;0,00851302255283702
"379";0,00825914959636376;0,00850666265983086
"380";0,00825262929464015;0,00850031205586025
"381";0,00824611891324576;0,00849394597016372
"382";0,00823961051591722;0,00848760078479717
"383";0,0082331160070496;0,00848125792168952
"384";0,00822662348224783;0,00847491505858186
"385";0,00822014286184112;0,0084685915476316
"386";0,00821366356414499;0,0084622556513006
"387";0,00820719617084392;0,00845594529981737
"388";0,00820073671380624;0,00844961482209045
"389";0,00819428453167665;0,00844330524469351
"390";0,00818782507463897;0,00843699798955546
"391";0,00818139008774671;0,00843068608989963
"392";0,00817494914865692;0,00842438425336565
"393";0,00816851217769882;0,0084180955762987
"394";0,00816208380435938;0,00841179373976472
"395";0,00815566402863861;0,00840550583678407
"396";0,00814924755969425;0,00839920941885416
"397";0,00814283241346044;0,00839292925673646
"398";0,00813642123535833;0,00838665683548172
"399";0,0081300146867432;0,00838036428798329
"400";0,00812361276761503;0,00837409496307373
"401";0,00811722209152666;0,00836781480095603
"402";0,00811083604492526;0,00836155012056425
"403";0,00810443809392879;0,00835527847339581
"404";0,00809805469274852;0,0083490184375218
"405";0,00809168253460803;0,00834274059766299
"406";0,00808530376291474;0,00833648365813416
"407";0,00807892895935313;0,0083302151073109
"408";0,00807255878527849;0,00832396281229985
"409";0,00806619456340139;0,00831771593589287
"410";0,00805983298694542;0,0083114682853996
"411";0,0080534767013317;0,00830521599038855
"412";0,00804712239978383;0,0082989629212912
"413";0,00804076611417011;0,00829270598176238
"414";0,00803441842617506;0,00828646452395947
"415";0,00802806875411416;0,00828022074389767
"416";0,00802172966373777;0,00827398702695772
"417";0,00801538594387441;0,00826773937646445
"418";0,00800904553078745;0,00826149791866154
"419";0,00800271173125332;0,00825526652398047
"420";0,00799637131816637;0,00824902584026386
"421";0,00799004082540864;0,00824279212332391
"422";0,00798372025298014;0,00823657388810988
"423";0,0079773904215777;0,00823034017116992
"424";0,00797107249457033;0,0082241203877833
"425";0,00796475126078655;0,00821788744492964
"426";0,00795843201106861;0,00821166379111154
"427";0,00795211276135068;0,00820544013729343
"428";0,00794579681840915;0,00819921648347533
"429";0,00793948947308629;0,00819300676321054
"430";0,00793319006402681;0,00818677923896096
"431";0,00792687742786169;0,00818057416321395
"432";0,00792058132557862;0,0081743597984314
"433";0,00791427662567689;0,00816815859311587
"434";0,00790797589390685;0,00816194268016072
"435";0,00790168309840019;0,00815573760441371
"436";0,00789538964153824;0,00814953020640782
"437";0,00788909949145271;0,00814333209743747
"438";0,00788280868001189;0,00813713708481231
"439";0,00787652911161087;0,0081309335572379
"440";0,00787024491372287;0,00812473699644014
"441";0,00786396799074297;0,00811856211005867
"442";0,00785769503589477;0,00811237406421017
"443";0,00785141943562543;0,00810620072600129
"444";0,00784515177161948;0,00810002196918834
"445";0,00783888080083712;0,00809383547151244
"446";0,0078326230571604;0,00808766445556244
"447";0,00782635803857557;0,0080814841505769
"448";0,00782009698812244;0,00807532629409394
"449";0,00781384255122212;0,00806916224492061
"450";0,00780759406651935;0,00806300051800616
"451";0,00780135087265882;0,00805684653195468
"452";0,00779510437202189;0,00805070260902504
"453";0,00778886183951665;0,00804455017114615
"454";0,00778262856598535;0,00803841631133835
"455";0,00777639396974349;0,00803226929206353
"456";0,00777017193925199;0,00802615091398165
"457";0,00776394726333936;0,00802002015051904
"458";0,00775771531251862;0,00801388242027976
"459";0,0077515084931986;0,00800778262026898
"460";0,00774529241490463;0,00800166191992822
"461";0,00773908361151876;0,00799553347872449
"462";0,00773287613084346;0,00798943367871371
"463";0,00772668253862907;0,00798332923418516
"464";0,0077204777033749;0,00797723020826067
"465";0,00771429337013446;0,00797113427868137
"466";0,00770810506876233;0,00796506389394983
"467";0,00770192801042999;0,0079589911869594
"468";0,00769574433854483;0,00795291306136491
"469";0,00768957720054171;0,00794683493577041
"470";0,00768340477169635;0,00794077538824701
"471";0,00767724821537774;0,00793473983739878
"472";0,0076710929817697;0,00792867177492612
"473";0,00766494039358279;0,00792262770912864
"474";0,00765879243488285;0,00791658673967634
"475";0,00765266167142024;0,00791056667055402
"476";0,00764653156931291;0,00790454118282764
"477";0,0076404008058503;0,00789851879144644
"478";0,00763427731729579;0,00789250181866931
"479";0,00762817036262332;0,00788650574622216
"480";0,00762206076252973;0,00788049883656688
"481";0,00761595380785726;0,0078745081827238
"482";0,00760986008029044;0,00786852759200257
"483";0,00760377296627643;0,00786255164579912
"484";0,00759768849768354;0,00785657647368196
"485";0,00759162056297271;0,0078506191055496
"486";0,0075855440306432;0,00784466405967613
"487";0,00757948403219575;0,00783870049885341
"488";0,00757342601781414;0,00783276170879215
"489";0,00756737329427478;0,00782682369281719
"490";0,0075613397500386;0,00782090270674074
"491";0,00755530620580242;0,00781499100969983
"492";0,0075492812591849;0,00780907931265893
"493";0,00754326623289661;0,00780318232325764
"494";0,0075372591428717;0,00779728455977006
"495";0,00753125998911018;0,00779140537435358
"496";0,00752526348076978;0,00778552309259192
"497";0,00751928019953501;0,00777964855169321
"498";0,00751330551591892;0,00777379413703819
"499";0,00750733546178979;0,0077679358519517
"500";0,0075013859096744;0,00776209382267741
"501";0,00749542908265091;0,0077562579860935
"502";0,00748949606441757;0,00775042601994106
"503";0,00748356370753951;0,00774460256873787
"504";0,00747763531879314;0,00773879382517431
"505";0,00747172214121825;0,00773299437064629
"506";0,00746581623855146;0,0077271894975142
"507";0,00745992157892447;0,00772141791009284
"508";0,00745403551691614;0,0077156401299811
"509";0,00744815937523703;0,00770986467212826
"510";0,00744229249253187;0,00770410392191503
"511";0,00743644214370876;0,00769836097568661
"512";0,00743059840843846;0,007692614933113
"513";0,0074247606253657;0,00768687430914346
"514";0,00741894136024084;0,00768116387453946
"515";0,00741312407918181;0,00767544260272732
"516";0,00740732267064956;0,00766974532759035
"517";0,00740152985973596;0,00766405037471226
"518";0,00739574300101991;0,0076583515514027
"519";0,00738996936940948;0,00765267982111349
"520";0,00738420698083886;0,00764700499447909
"521";0,00737845517395273;0,00764133790870766
"522";0,00737271262604056;0,00763568166014436
"523";0,00736698264387874;0,00763003624878921
"524";0,00736126390475671;0,00762439470786553
"525";0,00735555442460863;0,00761878490447998
"526";0,00734985486478977;0,00761315807119592
"527";0,0073441705161424;0,00760754284920631
"528";0,00733849542646898;0,00760194001259742
"529";0,00733283819338816;0,00759635885040481
"530";0,00732718492843903;0,0075907614324
"531";0,00732154356788498;0,00758519188150183
"532";0,00731591543443656;0,00757963239372551
"533";0,00731029722131737;0,00757406671325882
"534";0,00730470678512002;0,00756852735172618
"535";0,00729910312181703;0,00756298489384837
"536";0,00729352921950172;0,0075574524990924
"537";0,00728796193073923;0,00755193403788975
"538";0,00728240588501654;0,00754642951024043
"539";0,00727686769588645;0,00754091646764185
"540";0,00727133347488805;0,00753543825892659
"541";0,00726582240132452;0,00752994069805393
"542";0,00726031132776099;0,00752447023020162
"543";0,00725482274027704;0,00751901601816153
"544";0,00724934275041175;0,00751355174299958
"545";0,0072438726808757;0,00750809907913208
"546";0,00723841782251112;0,00750265725247272
"547";0,00723297685260746;0,00749722858528038
"548";0,00722755307794113;0,00749181462572767
"549";0,00722213194869593;0,00748639834391606
"550";0,00721673330553031;0,00748100141426185
"551";0,00721134325998335;0,00747560525869394
"552";0,00720596710289732;0,00747022226259306
"553";0,00720059822071938;0,00746484778144143
"554";0,00719524388835764;0,00745946865577202
"555";0,00718990476716739;0,00745410810817372
"556";0,00718458085714861;0,00744876304230133
"557";0,00717927149694604;0,00744343578041374
"558";0,00717397404113854;0,0074381000035769
"559";0,00716868650566027;0,00743277583803449
"560";0,00716341418135348;0,00742745476883727
"561";0,00715815508415233;0,00742214453684819
"562";0,00715290260050399;0,0074168544311028
"563";0,00714767128022468;0,00741155426223557
"564";0,007142453187051;0,0074062788641298
"565";0,00713724435285126;0,00740100656236921
"566";0,00713205535930999;0,00739574664598936
"567";0,00712687562474265;0,00739048982595468
"568";0,00712169787424117;0,00738525235807741
"569";0,00711654790066152;0,00737999786030162
"570";0,00711140321792412;0,00737477974458174
"571";0,00710626977822652;0,00736954692122224
"572";0,00710115684054265;0,00736434119088309
"573";0,00709605580725385;0,00735913623463024
"574";0,00709096733971542;0,007353945986017
"575";0,00708589540605902;0,00734876425235302
"576";0,00708083207002129;0,00734358561503423
"577";0,00707578791328674;0,00733841626675098
"578";0,007070750370105;0,0073332523370718
"579";0,00706572936080531;0,00732809692234188
"580";0,00706072157861125;0,00732295389299269
"581";0,00705572503945699;0,00731781241181609
"582";0,00705074503418477;0,00731269647548725
"583";0,00704576833568896;0,00730757976507212
"584";0,00704081544598329;0,0073024777622966
"585";0,00703587512202799;0,00729736260005406
"586";0,0070309447184019;0,00729227066040039
"587";0,0070260262191709;0,00728718413935079
"588";0,00702111697891383;0,00728211774454488
"589";0,0070162322088022;0,00727704283478972
"590";0,00701135140682226;0,00727198650310566
"591";0,00700648846143492;0,0072669479754064
"592";0,00700163543637682;0,00726189396598122
"593";0,00699679894520076;0,0072568670495764
"594";0,00699197171299864;0,00725183471456751
"595";0,00698715373977047;0,00724682173171601
"596";0,00698235692991132;0,00724182036015894
"597";0,00697756541089443;0,00723682285903336
"598";0,00697278910304901;0,00723183077651185
"599";0,00696802469959867;0,00722684720893959
"600";0,00696327484596453;0,00722185822276326
"601";0,00695853755808075;0,00721690948907431
"602";0,00695380952917091;0,00721195069226352
"603";0,00694909803414312;0,00720700660309234
"604";0,00694440836383962;0,00720206948069783
"605";0,0069397233230231;0,0071971540327196
"606";0,00693505283202278;0,00719222929570582
"607";0,00693038498644359;0,00718731849224536
"608";0,00692573632016757;0,00718241852599305
"609";0,00692109757422078;0,00717751468930926
"610";0,00691648329841942;0,00717263407521434
"611";0,00691186836126277;0,00716774959068794
"612";0,00690726334443535;0,00716288755466412
"613";0,0069026814750428;0,00715803945219362
"614";0,00689810886462419;0,00715318515703276
"615";0,00689354683589009;0,00714835718080595
"616";0,00688899538884051;0,00714352068962989
"617";0,00688445584618599;0,00713869813200715
"618";0,00687993416012408;0,00713389415245552
"619";0,00687542570116781;0,0071290863024724
"620";0,00687092385576436;0,00712429935281927
"621";0,00686643656017711;0,00711950930682096
"622";0,0068619657984719;0,00711474016115263
"623";0,00685749834354311;0,00710999423807318
"624";0,00685305602011502;0,00710521735154189
"625";0,00684861105126581;0,00710048845836094
"626";0,00684419253662787;0,00709574872797186
"627";0,00683976939250295;0,00709102757565387
"628";0,00683537468665516;0,00708630874559477
"629";0,00683098461029434;0,00708159843048492
"630";0,00682660908374972;0,00707691211205024
"631";0,00682224281617904;0,0070722188268389
"632";0,00681789506655626;0,00706754489378496
"633";0,00681354533286763;0,00706288102385286
"634";0,00680922006932443;0,00705822102435223
"635";0,00680490075797876;0,00705357418431864
"636";0,00680059731915986;0,00704892811837134
"637";0,00679629784847265;0,00704430217866774
"638";0,00679201954115446;0,00703967778713672
"639";0,00678774586332324;0,00703508358497124
"640";0,00678348938072935;0,00703049402732354
"641";0,00677924612524109;0,0070258913102088
"642";0,00677500683788453;0,00702133271601293
"643";0,00677078540712058;0,0070167656068678
"644";0,00676657389668585;0,00701220391632675
"645";0,00676236767709338;0,0070076584815979
"646";0,00675818262086993;0,00700311769138683
"647";0,00675400483955457;0,00699859238290167
"648";0,0067498349945026;0,00699407558936577
"649";0,0067456810219774;0,00698958666293652
"650";0,00674154556740008;0,00698508225478135
"651";0,00673741474230974;0,00698060184330135
"652";0,00673329714432503;0,00697613226902949
"653";0,0067291841758273;0,00697166656518911
"654";0,00672509104798802;0,00696722176167872
"655";0,00672099924285931;0,00696277695816833
"656";0,00671692727838905;0,00695834531412496
"657";0,00671286391153746;0,00695392605546233
"658";0,00670881509450206;0,00694951221540377
"659";0,00670477024559836;0,0069451169534163
"660";0,00670075052819536;0,00694073485089587
"661";0,00669672882672652;0,00693637364870542
"662";0,0066927282886267;0,00693199851296165
"663";0,0066887343640797;0,00692765047023823
"664";0,00668475234392777;0,00692329778299703
"665";0,00668078421223676;0,00691896831834471
"666";0,00667682798494082;0,00691466517262645
"667";0,00667287308035545;0,00691035970464929
"668";0,00666893867778381;0,00690606275162139
"669";0,00666500890469915;0,00690177431354275
"670";0,00666109632685181;0,00689749051998188
"671";0,00665719499204427;0,00689323614170025
"672";0,00665330291621067;0,00688899027836787
"673";0,00664941877664045;0,0068847444150355
"674";0,00664554918688643;0,00688051480751533
"675";0,00664169282423805;0,00687630532623886
"676";0,00663784241378721;0,00687210203765275
"677";0,00663400853721841;0,00686790184541182
"678";0,00663018193555771;0,00686371326446533
"679";0,00662636856100265;0,00685955564697067
"680";0,00662256775219794;0,00685539338495824
"681";0,00661876958881436;0,0068512512491895
"682";0,00661499325015509;0,00684711375793853
"683";0,00661122749318032;0,00684298632980941
"684";0,00660746570433724;0,00683888599470064
"685";0,00660371978802092;0,00683478178916039
"686";0,00659997916254686;0,00683069151717347
"687";0,00659625176417844;0,00682662214551653
"688";0,00659253627020509;0,006822551225687
"689";0,0065888406168902;0,00681849810984228
"690";0,00658514430222002;0,00681445815346458
"691";0,00658145592381323;0,00681043522698539
"692";0,00657779201555186;0,00680640765598842
"693";0,00657413009135634;0,0068024087261844
"694";0,0065704833783323;0,00679841908541593
"695";0,00656684526292692;0,00679444337820078
"696";0,0065632124383638;0,00679047076733081
"697";0,00655960143852498;0,00678652292722231
"698";0,00655598977733088;0,00678257586120011
"699";0,00655240192492693;0,00677863731012716
"700";0,00654881274981241;0,00677471114443494
"701";0,00654523878586937;0,0067708074272453
"702";0,00654168003309782;0,0067669145472638
"703";0,00653812789387908;0,00676303482674933
"704";0,00653458236821316;0,00675915510623486
"705";0,00653105469913985;0,00675530093056815
"706";0,00652753827310634;0,00675144985124662
"707";0,00652402581520451;0,0067476158018236
"708";0,00652053518202698;0,00674377633379651
"709";0,00651704256478361;0,00673996937739385
"710";0,00651356383600116;0,00673618177314857
"711";0,00651010627058773;0,00673238487986775
"712";0,00650663944620035;0,00672861585369358
"713";0,00650320304415593;0,00672484140891533
"714";0,00649976465804567;0,00672108631629448
"715";0,00649634016039633;0,00671735289808992
"716";0,00649293219662903;0,00671363109117979
"717";0,00648953349183568;0,00670990928426965
"718";0,00648614140059515;0,00670620682951692
"719";0,00648276121374969;0,00670252140466269
"720";0,00647938764045705;0,00669883597980846
"721";0,00647602663291476;0,00669517842206088
"722";0,00647267951383339;0,00669152705700366
"723";0,00646934628321295;0,00668788652915459
"724";0,00646601503665834;0,00668425141990959
"725";0,00646269503314353;0,00668063101830421
"726";0,00645939156351076;0,00667701913164808
"727";0,00645608875523328;0,00667342737123564
"728";0,00645281041710122;0,00666985805932578
"729";0,00644953340167973;0,00666627791020777
"730";0,00644626696794274;0,00666271788733346
"731";0,00644301177724555;0,00665918031296173
"732";0,00643977378178569;0,00665565357579813
"733";0,00643653975445751;0,00665212064594417
"734";0,00643331101797159;0,0066486271944913
"735";0,00643010013807829;0,00664511593905362
"736";0,00642689653309308;0,00664161474673779
"737";0,00642370417114766;0,00663815922551341
"738";0,00642052106817618;0,00663468667439052
"739";0,00641734986959979;0,00663123657177021
"740";0,0064141925594843;0,00662780117678952
"741";0,00641103723343467;0,00662437352267179
"742";0,00640790307075405;0,00662096909114293
"743";0,00640476626265231;0,00661756156326888
"744";0,00640165260198543;0,00661416564668928
"745";0,00639854026402911;0,00661078908226707
"746";0,006395442475889;0,0066074225809667
"747";0,00639235526943339;0,00660406923913336
"748";0,00638927401517532;0,00660072208999039
"749";0,00638620466531232;0,0065973788112789
"750";0,00638314854255496;0,00659406649601924
"751";0,00638009903335042;0,00659075185850069
"752";0,00637705878311983;0,00658745812131213
"753";0,00637403109863958;0,00658417212498652
"754";0,00637101201177801;0,00658088535457462
"755";0,00636799490898228;0,00657762645126937
"756";0,00636500690581894;0,00657438070743115
"757";0,00636201824130033;0,00657114967123255
"758";0,00635903619033454;0,0065679077978258
"759";0,00635606538240853;0,00656470230647496
"760";0,0063531137537857;0,00656149139652005
"761";0,00635015352754421;0,00655829209785957
"762";0,00634721777144814;0,0065551098290976
"763";0,0063442992105894;0,00655195233109709
"764";0,00634137800430954;0,00654878864040622
"765";0,00633846870242475;0,0065456342387509
"766";0,00633557130493503;0,00654250693011593
"767";0,00633268382777453;0,00653936723610023
"768";0,00632980296416686;0,00653625463510489
"769";0,00632693665037539;0,00653314203410954
"770";0,00632407496607089;0,00653005188161677
"771";0,00632122121802977;0,00652697101815954
"772";0,00631838598793654;0,00652389325104751
"773";0,00631555406461972;0,00652083638426545
"774";0,00631273669111911;0,00651778338791488
"775";0,0063099226243949;0,00651474355103134
"776";0,00630712112342104;0,00651171532544223
"777";0,00630432689735529;0,0065087087742694
"778";0,00630154457568461;0,0065056968044925
"779";0,00629877217434316;0,00650270186461412
"780";0,00629600506384396;0,00649970615064943
"781";0,00629325448722681;0,00649673211110103
"782";0,00629050920145191;0,00649376813467447
"783";0,00628777185194039;0,00649080531937735
"784";0,00628504310004754;0,00648786843597115
"785";0,00628232889797089;0,00648493232665124
"786";0,00627961932538121;0,00648201286018669
"787";0,0062769256253183;0,00647909571598103
"788";0,00627423457067651;0,00647619134419924
"789";0,00627155343636395;0,00647329897075504
"790";0,00626888817457816;0,00647041356408751
"791";0,00626622952634518;0,00646753202785145
"792";0,00626357418488861;0,00646467526237686
"793";0,00626093339324824;0,00646182817298096
"794";0,00625830053787126;0,00645897682611044
"795";0,00625567561875765;0,00645615334634657
"796";0,00625306128132856;0,00645332677023751
"797";0,00625045884829454;0,00645052186854474
"798";0,00624785906068164;0,00644770651668697
"799";0,00624527382288495;0,00644492445053992
"800";0,00624269189186467;0,00644214819004009
"801";0,00624012451066058;0,00643936612389304
"802";0,00623757101791742;0,00643660263581709
"803";0,00623501818652953;0,00643385075903558
"804";0,00623247659818144;0,00643110701016017
"805";0,0062299403006756;0,00642837138919087
"806";0,00622741061672258;0,00642563770343731
"807";0,00622489614394105;0,00642292530505688
"808";0,00622239357555458;0,00642021135850386
"809";0,00621989629801037;0,00641751095846102
"810";0,00621740629537426;0,00641482255675576
"811";0,00621492158358041;0,00641215969989826
"812";0,00621245472837916;0,00640947942609911
"813";0,0062099885345332;0,00640682353601827
"814";0,00620753226101646;0,00640417229045521
"815";0,00620508590782896;0,00640152298010789
"816";0,00620264815226011;0,00639889844052203
"817";0,00620022230108634;0,00639626461190063
"818";0,00619779512720201;0,00639364665204828
"819";0,00619538779397613;0,00639103449784316
"820";0,00619298442888194;0,0063884389864934
"821";0,00619059296818282;0,00638586592364621
"822";0,00618820216883899;0,00638326886412385
"823";0,00618582591931135;0,00638070121988074
"824";0,00618345959011295;0,00637813512381021
"825";0,0061810985517568;0,00637557367225746
"826";0,00617874478830875;0,0063730420230271
"827";0,00617640292925577;0,00637051308309877
"828";0,00617406371562392;0,00636796556509934
"829";0,00617173971316355;0,0063654582995873
"830";0,00616942166290072;0,00636294445434174
"831";0,0061671029512826;0,00636043525361395
"832";0,00616480606438879;0,0063579392123532
"833";0,00616250719342913;0,0063554598139478
"834";0,00616022154957511;0,00635297460989519
"835";0,00615794053520806;0,00635050024305071
"836";0,00615567274794665;0,00634803168185346
"837";0,00615340165390882;0,0063455727967349
"838";0,00615114973917417;0,00634313752124836
"839";0,00614890509934763;0,00634068869925165
"840";0,00614666376629749;0,00633825381080826
"841";0,00614443301493186;0,00633583246887504
"842";0,0061422068930532;0,00633342893092663
"843";0,00613999201421433;0,00633100875012286
"844";0,00613778441028357;0,00632861372712371
"845";0,00613557879041865;0,00632622567090121
"846";0,00613338904308049;0,00632383335720409
"847";0,00613120590929515;0,00632145923453492
"848";0,00612902608228623;0,006319093626815
"849";0,00612685815967237;0,0063167160207575
"850";0,00612470280280887;0,00631438137648942
"851";0,00612254810730065;0,00631203512092689
"852";0,00612039671856884;0,00630969854144307
"853";0,00611825987965323;0,00630734764136277
"854";0,00611612502480347;0,00630502538247542
"855";0,00611400405841462;0,00630269964019974
"856";0,00611188772151275;0,0063003928630383
"857";0,00610977667545313;0,00629808956926519
"858";0,00610767687243331;0,00629579479044134
"859";0,00610558302161102;0,00629350272091952
"860";0,00610349049349929;0,00629121645704492
"861";0,00610141185384848;0,00628895109350031
"862";0,00609934181181634;0,00628668611699885
"863";0,00609727309249476;0,00628442810727404
"864";0,00609522421383163;0,00628216854937665
"865";0,0060931720283921;0,00627992602137776
"866";0,0060911330700582;0,0062776780747748
"867";0,00608909609579015;0,00627545025441554
"868";0,00608706838049604;0,00627321972475423
"869";0,00608504132655722;0,00627100583794829
"870";0,006083032129211;0,00626878769366772
"871";0,0060810262386412;0,0062665788384227
"872";0,00607901968671611;0,00626438585194674
"873";0,00607702702325194;0,00626218318939209
"874";0,00607504229605115;0,00626000491055575
"875";0,00607306153698206;0,00625781231112294
"876";0,00607108871417634;0,00625564641766734
"877";0,00606911985950232;0,00625347162221933
"878";0,00606716158651281;0,00625133088656834
"879";0,00606521124978667;0,00624916344494015
"880";0,00606326157441582;0,00624701187208101
"881";0,00606132115801892;0,00624486184739447
"882";0,00605939132330652;0,00624271840244145
"883";0,00605746479537054;0,00624059392260267
"884";0,00605554488098737;0,0062384663464187
"885";0,00605363554828871;0,00623636083169417
"886";0,00605172687694534;0,00623423751298483
"887";0,00604982944864175;0,00623212812782882
"888";0,00604793466575929;0,00623002300014744
"889";0,00604604914185078;0,00622792987080364
"890";0,00604417155420565;0,00622584138597761
"891";0,00604229727333693;0,00622375444932417
"892";0,00604043159008687;0,00622168376848295
"893";0,00603856722954738;0,00621959683182952
"894";0,00603670882120542;0,00621753040846292
"895";0,00603486165590326;0,00621546630735521
"896";0,00603301912008807;0,00621341304345564
"897";0,00603118518189154;0,00621136287590126
"898";0,0060293552118267;0,00620932122329613
"899";0,00602752987124884;0,00620727492617322
"900";0,00602571709642132;0,00620523675695642
"901";0,00602390035346212;0,00620320748973202
"902";0,00602209683760856;0,00620118325406855
"903";0,00602030191937366;0,00619915630910304
"904";0,00601850964655989;0,00619715761828732
"905";0,00601672200323309;0,00619515273478124
"906";0,0060149409734591;0,00619314514197312
"907";0,00601316391181681;0,00619114180663963
"908";0,00601139544779319;0,00618915898459298
"909";0,00600963095190125;0,0061871734532443
"910";0,00600787240820685;0,00618518327737783
"911";0,00600612180077583;0,00618320432576266
"912";0,0060043718547001;0,00618124008178711
"913";0,00600263182895359;0,00617927312850952
"914";0,0060008984167599;0,00617729649915324
"915";0,0059991689726979;0,00617534967211934
"916";0,00599744349676759;0,00617340361917174
"917";0,00599573124794292;0,00617144672901599
"918";0,00599401767640769;0,0061694991278958
"919";0,00599230939571471;0,006167570878933
"920";0,00599060838992983;0,0061656345020641
"921";0,00598891664311889;0,00616371321987796
"922";0,00598723084850549;0,00616178729317405
"923";0,0059855450538921;0,00615987297776458
"924";0,00598386984096321;0,00615795595305307
"925";0,00598219264396847;0,0061560489914634
"926";0,00598052536730297;0,00615414241691688
"927";0,00597886007470331;0,00615223584237037
"928";0,00597720205701175;0,00615033739572996
"929";0,00597555395964941;0,0061484563660312
"930";0,00597391115312933;0,00614657107885782
"931";0,00597227165338567;0,00614469043620221
"932";0,00597063479906312;0,00614280398789938
"933";0,00596900389693812;0,00614093108610673
"934";0,00596737828565537;0,00613906050657297
"935";0,00596575267437262;0,00613718683069403
"936";0,00596413433799797;0,00613533328105877
"937";0,00596252922872895;0,00613346850717223
"938";0,0059609181672624;0,00613161960205474
"939";0,00595931967154621;0,00612975908564283
"940";0,00595772448260642;0,00612792140477664
"941";0,00595613524586417;0,0061260922388597
"942";0,0059545466704772;0,0061242464300874
"943";0,0059529666927089;0,00612242036051564
"944";0,00595139398984869;0,0061205830666926
"945";0,00594982393240962;0,0061187647379838
"946";0,00594826181123392;0,00611693944249834
"947";0,00594669836734766;0,00611512498422102
"948";0,00594514748921176;0,00611331787976352
"949";0,00594359396565473;0,00611151193643545
"950";0,00594204507158467;0,00610970250971906
"951";0,00594050940462025;0,00610789811456358
"952";0,00593897043087942;0,0061061049436594
"953";0,00593743807069141;0,00610430906345318
"954";0,00593590901727981;0,0061025329224475
"955";0,0059343872387763;0,00610073588111184
"956";0,00593287141247034;0,0060989616753219
"957";0,0059313509566774;0,00609718398614363
"958";0,00592984571205594;0,00609541442487147
"959";0,00592834377421089;0,00609363634865005
"960";0,00592684514314226;0,00609187762458603
"961";0,00592534452800777;0,00609011386896109
"962";0,00592385846268949;0,00608835050037929
"963";0,00592237438143705;0,0060865960337899
"964";0,00592089030018461;0,00608484969510661
"965";0,00591940952570858;0,0060831056786822
"966";0,00591793999427235;0,0060813624363441
"967";0,00591646914012554;0,00607961532357451
"968";0,00591500225411043;0,00607787595166789
"969";0,00591354462706927;0,00607614354653792
"970";0,00591208567731754;0,00607441307662369
"971";0,00591063995467145;0,00607268763827039
"972";0,00590918827982782;0,00607096258696023
"973";0,00590775049344511;0,00606924875990137
"974";0,00590630675486487;0,00606751480659881
"975";0,00590487425932441;0,00606581491309327
"976";0,00590344440920508;0,00606409605447348
"977";0,00590201125230935;0,00606238958123442
"978";0,00590059198387453;0,0060606947192898
"979";0,00589917271543971;0,00605899211648223
"980";0,00589775807649187;0,00605729415819242
"981";0,00589635005109684;0,0060556008444204
"982";0,00589494004163597;0,00605391565855447
"983";0,00589353532301735;0,00605221653913523
"984";0,00589214052472796;0,00605053832004597
"985";0,00589074771050441;0,00604884965079171
"986";0,00588935489628087;0,00604718265595374
"987";0,00588797200238655;0,00604550288869189
"988";0,00588658514036054;0,00604383628089707
"989";0,00588520224646623;0,00604215999702355
"990";0,00588383125696698;0,00604051080617038
"991";0,00588245497662548;0,00603884806880703
"992";0,00588108663254736;0,00603718339622795
"993";0,00587972490202207;0,00603552878677071
"994";0,00587836713962846;0,00603386682349366
"995";0,00587700673181372;0,00603224008114307
"996";0,00587565822839406;0,00603057656969343
"997";0,0058743097249744;0,00602893628083266
"998";0,00587296518968643;0,00602728592885005
"999";0,00587161867033261;0,00602565260676595
"1000";0,00587028074859746;0,00602401386607777
"1001";0,00586894811770456;0,00602237899582107
"1002";0,00586761680952223;0,00602074644782326
"1003";0,00586628946947159;0,00601912976859452
"1004";0,00586496543619735;0,00601750534850282
"1005";0,00586364404834425;0,00601587783206593
"1006";0,00586232464455698;0,00601426153988033
"1007";0,0058610098702567;0,00601263595865918
"1008";0,00585970170950923;0,00601102972959543
"1009";0,00585839421011704;0,00600941692079817
"1010";0,00585709001750126;0,00600780836947553
"1011";0,00585578714759604;0,00600620407562751
"1012";0,00585449022988837;0,00600461294124653
"1013";0,00585319198947012;0,00600301290487314
"1014";0,00585190433073639;0,00600140164424847
"1015";0,00585061733335794;0,00599981554142841
"1016";0,00584932967462421;0,00599821898844335
"1017";0,00584805392028555;0,00599662630588977
"1018";0,00584677221374935;0,00599503981602656
"1019";0,00584550439567407;0,00599345642250854
"1020";0,00584422930269069;0,00599187341603366
"1021";0,00584296479139183;0,00599030008563748
"1022";0,00584169432789542;0,0059887356572337
"1023";0,00584043775285993;0,00598715032849993
"1024";0,00583917654833747;0,00598557777219004
"1025";0,00583791865059142;0,00598401450491571
"1026";0,00583666868910876;0,00598245007651193
"1027";0,00583541542084968;0,00598088797036704
"1028";0,00583417207291983;0,00597932818648103
"1029";0,00583292607956885;0,00597776608033614
"1030";0,00583168669977069;0,00597620436123439
"1031";0,00583045459488063;0,00597464844777987
"1032";0,00582921587643775;0,00597309253432534
"1033";0,00582798509425826;0,00597154707103581
"1034";0,00582675563478933;0,00597000354296201
"1035";0,00582553146616265;0,0059684631112334
"1036";0,00582431324973351;0,00596692074428905
"1037";0,0058230904038174;0,00596538302186248
"1038";0,00582187284874354;0,00596386774793848
"1039";0,00582065397095912;0,00596231531787228
"1040";0,00581944832028033;0,00596077953066145
"1041";0,00581823870146986;0,00595926270856486
"1042";0,00581703371214635;0,00595771685823218
"1043";0,00581582740011228;0,00595620622882595
"1044";0,00581462770163104;0,00595467973065067
"1045";0,00581343395534732;0,00595316445672667
"1046";0,00581223491822136;0,00595165189210471
"1047";0,00581103984922708;0,00595013352183553
"1048";0,00580985470056203;0,00594861553860949
"1049";0,00580866624512057;0,00594710258694438
"1050";0,00580748241916609;0,00594559582796964
"1051";0,00580629727050104;0,00594409951915989
"1052";0,00580512468758635;0,00594258811566737
"1053";0,00580394218434243;0,00594109258094391
"1054";0,00580276761736189;0,00593960633525601
"1055";0,00580160230935529;0,00593810189854015
"1056";0,00580043171050644;0,0059366063638167
"1057";0,00579926640249985;0,00593511663474046
"1058";0,00579810241720382;0,00593361142393831
"1059";0,00579694041597364;0,00593213446728595
"1060";0,00579578436694099;0,00593066060697878
"1061";0,00579462699519778;0,00592918403736957
"1062";0,00579347425294154;0,00592769546942277
"1063";0,00579232349475115;0,00592621967389986
"1064";0,00579117670469244;0,00592473304116881
"1065";0,0057900312373443;0,00592327350145811
"1066";0,00578888378593032;0,00592179654480575
"1067";0,00578774427077972;0,00592032655493006
"1068";0,00578660409427384;0,00591885695209751
"1069";0,00578546722454436;0,00591740205690458
"1070";0,00578433498430186;0,00591592664842482
"1071";0,00578320406676992;0,00591448259044003
"1072";0,00578207314923798;0,0059130106653486
"1073";0,00578094619983774;0,00591154570703383
"1074";0,00577982652534559;0,00591009816566071
"1075";0,00577870089865591;0,00590864249638149
"1076";0,00577758849907186;0,00590721198490688
"1077";0,00577646750186915;0,0059057582508434
"1078";0,0057753551022851;0,00590432270780786
"1079";0,00577423807321408;0,00590286703852864
"1080";0,00577313030311701;0,00590142839914793
"1081";0,00577201988759881;0,00589998550229258
"1082";0,00577090682665948;0,00589855731307686
"1083";0,00576980765418107;0,00589711402917837
"1084";0,00576870451357097;0,00589567538979766
"1085";0,00576760269567143;0,00589424487832305
"1086";0,00576650881403528;0,00589282830040176
"1087";0,00576540898020158;0,00589139624075456
"1088";0,00576431642127599;0,00588997734057439
"1089";0,00576322253963984;0,00588854063640941
"1090";0,00576213725562234;0,00588712521961757
"1091";0,00576105263296014;0,00588570012674703
"1092";0,00575995875132398;0,00588429051560241
"1093";0,00575887743543818;0,00588287045429279
"1094";0,00575779347413125;0,00588146045610502
"1095";0,00575671678773242;0,00588004736157207
"1096";0,00575564340811001;0,00587863852451374
"1097";0,00575456539900062;0,00587723471901634
"1098";0,00575349334208876;0,00587582433378542
"1099";0,00575241863975578;0,00587441162629561
"1100";0,00575135782588371;0,00587301440053172
"1101";0,00575029105981411;0,00587162143224246
"1102";0,00574922164832339;0,00587021607857246
"1103";0,0057481581890302;0,00586882194915375
"1104";0,00574709472973701;0,00586742394930356
"1105";0,00574603523857551;0,00586602904579856
"1106";0,00574498302232211;0,00586463994794078
"1107";0,00574392617658173;0,00586324581852207
"1108";0,00574287131490721;0,00586187413760594
"1109";0,00574182240543022;0,00586046568759076
"1110";0,0057407708505321;0,00585910290866703
"1111";0,00573972127969983;0,00585771922941332
"1112";0,00573867898377565;0,00585633361494386
"1113";0,00573763271971979;0,00585495690246681
"1114";0,00573658976244034;0,00585357941590346
"1115";0,00573555474142426;0,00585221005724622
"1116";0,00573451310685537;0,00585083140955343
"1117";0,00573347544041818;0,00584946205089619
"1118";0,00573243975804682;0,00584811243143949
"1119";0,00573140605974131;0,00584674462095484
"1120";0,0057303723614358;0,00584535436196761
"1121";0,00572934329261727;0,00584401287041701
"1122";0,00572832017599627;0,00584265628418365
"1123";0,0057272924298883;0,00584128305509493
"1124";0,00572626269971448;0,00583993730606971
"1125";0,00572524685800158;0,00583858381618153
"1126";0,00572422638680171;0,00583722722994817
"1127";0,00572320128611487;0,0058358907699585
"1128";0,00572218081491499;0,00583452953920736
"1129";0,00572116629591266;0,00583317953270751
"1130";0,00572015243826561;0,00583184500793358
"1131";0,00571913593519743;0,00583049848482206
"1132";0,00571812670703734;0,00582915505805573
"1133";0,00571711284939029;0,00582781859806606
"1134";0,00571610428258549;0,00582648097694694
"1135";0,00571510166797823;0,00582514916147505
"1136";0,00571409508523928;0,00582380225132038
"1137";0,00571308850250033;0,00582248166009977
"1138";0,00571208721060363;0,00582115061871417
"1139";0,00571108922548334;0,00581983467201134
"1140";0,00571008991765249;0,00581848931002926
"1141";0,00570908862575579;0,00581717375036958
"1142";0,00570809725418832;0,00581584348307027
"1143";0,00570710323719972;0,00581452366593596
"1144";0,00570611054292168;0,00581318991524833
"1145";0,00570511917135421;0,00581188364462419
"1146";0,00570413110656315;0,0058105680849645
"1147";0,00570314171906152;0,00580926645885814
"1148";0,00570215894511272;0,00580795399554364
"1149";0,00570117220303222;0,00580663030797785
"1150";0,00570019009043869;0,00580532829482834
"1151";0,00569920533242404;0,00580401970194532
"1152";0,00569822851067277;0,00580271420540748
"1153";0,00569724838214509;0,00580140948295593
"1154";0,0056962722217491;0,00580010901797902
"1155";0,00569529407728727;0,00579881010117469
"1156";0,00569432122366769;0,00579750073420537
"1157";0,00569334969275867;0,0057962184602564
"1158";0,00569237617778381;0,00579490793215764
"1159";0,00569140200145367;0,00579361249874165
"1160";0,00569043576138691;0,00579232132280028
"1161";0,00568947547351768;0,00579103943589446
"1162";0,00568850129718754;0,00578974709882365
"1163";0,00568753637983134;0,00578846250261579
"1164";0,00568657212383043;0,00578717751936479
"1165";0,00568561249731648;0,00578589176202749
"1166";0,00568465419351311;0,00578461451963945
"1167";0,00568369390564388;0,00578334230881233
"1168";0,00568273956997219;0,0057820611959928
"1169";0,00568178060481353;0,00578079362968346
"1170";0,00568082626914184;0,00577951174277764
"1171";0,00567987193347016;0,00577825423959014
"1172";0,00567892222728544;0,00577697661015894
"1173";0,00567796921432432;0,00577570749567701
"1174";0,00567702016949488;0,00577443412372044
"1175";0,0056760731087313;0,00577317739461924
"1176";0,00567512207983602;0,00577192027847488
"1177";0,0056741796485594;0,00577064497130258
"1178";0,00567323126508525;0,00576938940333082
"1179";0,00567228420432166;0,00576812686858239
"1180";0,00567134375711089;0,00576686936539489
"1181";0,00567040330990012;0,00576561379742313
"1182";0,00566946550811048;0,00576436326101229
"1183";0,00566852770632084;0,00576311775616237
"1184";0,00566758659775479;0,00576185870480228
"1185";0,00566664945732043;0,00576061784447014
"1186";0,00566571297824135;0,00575936305058467
"1187";0,00566478245135981;0,0057581179327779
"1188";0,00566384994041242;0,00575686778341021
"1189";0,00566291610675447;0,00575563079350955
"1190";0,00566199153207046;0,00575439186839314
"1191";0,00566106034383364;0,00575315216919044
"1192";0,00566012783288625;0,00575190666434053
"1193";0,00565920590362337;0,00575067548008708
"1194";0,0056582800062288;0,00574944003835901
"1195";0,00565735278612367;0,00574821814314111
"1196";0,00565643350228192;0,0057469815402836
"1197";0,00565550760488735;0,00574574493742608
"1198";0,00565459427324314;0,00574451646247467
"1199";0,00565367168262498;0,00574329456725678
"1200";0,00565275239878322;0,00574206028665815
"1201";0,00565183113087563;0,00574083723031081
"1202";0,00565092044465254;0,00573961494804977
"1203";0,00565000248352135;0,00573839227874558
"1204";0,00564908782916658;0,00573717851143379
"1205";0,00564817449752236;0,00573595622917274
"1206";0,00564726381129927;0,00573474013960207
"1207";0,00564635312507619;0,00573352985567861
"1208";0,00564543780936613;0,00573231841062571
"1209";0,00564453307534058;0,00573109574132151
"1210";0,00564362635724918;0,00572989706869249
"1211";0,00564272030051307;0,00572870033127921
"1212";0,00564181490513224;0,00572747843606131
"1213";0,00564091347788309;0,00572627163552619
"1214";0,00564001337334452;0,00572507373698346
"1215";0,00563911128474009;0,00572386074375797
"1216";0,00563821118020152;0,00572266478043098
"1217";0,00563731041430766;0,00572146339849992
"1218";0,00563641295519021;0,00572028640028718
"1219";0,00563551549607276;0,00571908308314039
"1220";0,00563461539153418;0,00571788673277025
"1221";0,00563372123919314;0,00571668767309808
"1222";0,0056328303936285;0,00571550448219497
"1223";0,00563194020941915;0,00571430348730707
"1224";0,00563104539572283;0,00571311410371359
"1225";0,00563015190473707;0,00571194291114807
"1226";0,00562926568865941;0,00571075507572719
"1227";0,00562837153631837;0,00570954904927836
"1228";0,00562748928837241;0,00570838327531691
"1229";0,0056265938133208;0,0057071919565077
"1230";0,00562571156537483;0,00570600063769848
"1231";0,00562483394691584;0,00570483254147814
"1232";0,00562394508541705;0,00570366483230095
"1233";0,00562305754662883;0,00570249557495117
"1234";0,00562217728274871;0,00570131702856584
"1235";0,00562129569615802;0,00570014119148254
"1236";0,00562041675498846;0,00569894484111241
"1237";0,00561953384568721;0,00569778293758244
"1238";0,00561866085671519;0,00569661290614636
"1239";0,00561778257690091;0,00569546029165194
"1240";0,00561690231302079;0,00569429413064734
"1241";0,0056160280013382;0,00569313648459199
"1242";0,00561515104423449;0,00569196026046555
"1243";0,00561428202339416;0,00569080067919446
"1244";0,00561340242086932;0,00568964303313912
"1245";0,00561253141596314;0,00568850590037061
"1246";0,00561166041105696;0,00568734167458175
"1247";0,00561078808344022;0,00568617319131826
"1248";0,00560992369208686;0,00568504147715383
"1249";0,00560905863937822;0,00568388731448681
"1250";0,00560818895718261;0,00568273663520813
"1251";0,00560732324311869;0,0056815944708787
"1252";0,00560645488363364;0,00568046353080056
"1253";0,005605589830925;0,00567929504753707
"1254";0,00560473073041389;0,00567815830181171
"1255";0,00560386567770525;0,00567700723548988
"1256";0,00560299996364133;0,00567587552132545
"1257";0,00560214218584079;0,00567473296995287
"1258";0,005601279117198;0,00567357184050919
"1259";0,00560042663023971;0,00567245560807067
"1260";0,0055995642229522;0,00567132466799253
"1261";0,00559870909057279;0,00567018366479254
"1262";0,00559785461954865;0,00566904420976515
"1263";0,00559700014852452;0,00566789469161591
"1264";0,00559613707988173;0,00566678349073831
"1265";0,00559528789969985;0,00566565796926424
"1266";0,00559443673545213;0,00566451851423685
"1267";0,00559358424849385;0,0056633705442602
"1268";0,00559273308424612;0,00566226437494352
"1269";0,00559187861322199;0,0056611214365278
"1270";0,00559103604659293;0,00566000481704613
"1271";0,00559018686641106;0,00565888510121928
"1272";0,00558933107267636;0,00565776964286705
"1273";0,00558848718333674;0,00565664218617724
"1274";0,00558763932586543;0,00565551937400521
"1275";0,00558679279110468;0,00565440817312761
"1276";0,0055859508858309;0,00565327413670428
"1277";0,00558510831920185;0,00565215674313632
"1278";0,0055842617844411;0,00565105250903538
"1279";0,00558341987916732;0,00564995717692685
"1280";0,00558257466711714;0,00564881927007205
"1281";0,00558173210048808;0,00564772122866147
"1282";0,00558088953385902;0,00564661157595647
"1283";0,00558005159671694;0,00564549186012962
"1284";0,00557921365957485;0,00564440349479774
"1285";0,00557837572243276;0,0056432733288059
"1286";0,00557754043071181;0,00564217838374051
"1287";0,00557670844576726;0,00564107414963958
"1288";0,00557586455642764;0,0056399687544092
"1289";0,00557503257148309;0,00563887845386158
"1290";0,00557420257060439;0,00563776106029362
"1291";0,0055733646334623;0,00563667927469526
"1292";0,00557253793936001;0,0056355789110258
"1293";0,00557170661577074;0,00563448861047819
"1294";0,00557087132404978;0,0056333750873417
"1295";0,00557004661401333;0,00563226853098188
"1296";0,00556921198364766;0,00563117397295964
"1297";0,00556838661225593;0,00563010573387146
"1298";0,00556755859544307;0,00562902046488477
"1299";0,00556672991727493;0,00562791894008587
"1300";0,00556590057775151;0,00562682825249511
"1301";0,00556507256093865;0,0056257371778612
"1302";0,00556425049632333;0,00562465113478822
"1303";0,00556342380222104;0,00562357902526855
"1304";0,00556259843082931;0,00562248253203058
"1305";0,00556177636621399;0,00562140771320888
"1306";0,00556095033346697;0,00562032824986941
"1307";0,00556013289833862;0,00561923911045124
"1308";0,00555931414049971;0,0056181639045864
"1309";0,00555849141452911;0,00561709295619618
"1310";0,00555767001126907;0,00561599336661302
"1311";0,00555685456020657;0,00561492744978372
"1312";0,00555603447965709;0,0056138565013935
"1313";0,00555521704452874;0,00561277278057941
"1314";0,00555439828668983;0,00561170183218919
"1315";0,00555358349698261;0,00561062391702231
"1316";0,00555276738456483;0,00560955451680468
"1317";0,00555195127214704;0,0056084870518028
"1318";0,00555113515972926;0,0056074114588948
"1319";0,00555033029035126;0,00560633393077107
"1320";0,00554950822573594;0,00560527111028696
"1321";0,00554870269500267;0,00560420209711248
"1322";0,00554789121207186;0,00560313966367152
"1323";0,00554707278491059;0,00560207568205796
"1324";0,00554626361672326;0,00560099699280479
"1325";0,00554545841666763;0,00559993997796789
"1326";0,00554464693373681;0,00559889070399396
"1327";0,00554383875758241;0,00559782207786263
"1328";0,00554302595194104;0,00559676041850796
"1329";0,00554222207459597;0,00559571075749088
"1330";0,00554141389844156;0,00559464793700676
"1331";0,00554060539160952;0,00559359788894653
"1332";0,00553980283697501;0,00559252810168576
"1333";0,00553899565285353;0,00559146876458998
"1334";0,00553819442092959;0,0055904086534079
"1335";0,0055373839300317;0,00558935550900249
"1336";0,00553658269810776;0,00558830429981281
"1337";0,00553578080482853;0,00558726625009017
"1338";0,00553498585577977;0,00558619104422532
"1339";0,00553417999436885;0,00558514447955342
"1340";0,00553337843176727;0,00558408746471653
"1341";0,00553258249068558;0,00558303548144056
"1342";0,00553177762130758;0,00558199123902754
"1343";0,00553098300293646;0,00558094660957138
"1344";0,005530184085756;0,00557988920769134
"1345";0,00552938748331903;0,00557883683737222
"1346";0,00552858658207273;0,00557780265808105
"1347";0,00552779130234632;0,00557677234922137
"1348";0,00552699238516587;0,00557569404701134
"1349";0,00552619776679474;0,00557466606041054
"1350";0,00552540744723295;0,00557360943261679
"1351";0,00552461811970408;0,00557257447923933
"1352";0,00552381457303665;0,00557153410725779
"1353";0,00552302392279721;0,0055704859944133
"1354";0,00552222864307081;0,00556945220216528
"1355";0,00552143832350902;0,00556840370227764
"1356";0,0055206470119143;0,00556737223228851
"1357";0,00551985239354318;0,00556633147326383
"1358";0,00551906505008015;0,00556527716772897
"1359";0,005518275061196;0,00556424956817131
"1360";0,00551748738705533;0,00556322312974311
"1361";0,00551669276868421;0,00556218856340879
"1362";0,00551590509454354;0,00556114664325466
"1363";0,00551511808175816;0,00556011130283405
"1364";0,00551432809287401;0,005559064351119
"1365";0,00551353744263457;0,00555805455554615
"1366";0,00551275406730324;0,00555701070017629
"1367";0,00551197201468247;0,00555598580992067
"1368";0,00551118698596293;0,00555493847116247
"1369";0,00551040195724339;0,00555391706429519
"1370";0,00550961659784621;0,0055528770793568
"1371";0,00550883619861365;0,00555183786850471
"1372";0,00550805315395995;0,00555082149319835
"1373";0,00550727143201683;0,00554980434380568
"1374";0,00550648210448795;0,00554876203660841
"1375";0,00550570732677529;0,00554773443705076
"1376";0,00550491932195698;0,00554670296706162
"1377";0,00550414256017846;0,00554567343228823
"1378";0,00550336249162354;0,0055446605403702
"1379";0,00550258143103569;0,00554362094247496
"1380";0,00550180136248077;0,00554259760039193
"1381";0,00550102625409046;0,00554157735465409
"1382";0,00550024387079205;0,00554053040293904
"1383";0,00549946777036881;0,00553951286650323
"1384";0,00549869001655737;0,00553849378189483
"1385";0,00549791656155527;0,00553748863083976
"1386";0,00549713781571091;0,00553644825885822
"1387";0,00549635675512306;0,00553542956129297
"1388";0,00549558230808803;0,00553440815442568
"1389";0,005494807861053;0,00553336933061674
"1390";0,00549403308334033;0,00553235759982815
"1391";0,00549325202275248;0,00553132883914105
"1392";0,00549248385859263;0,00553032213991339
"1393";0,00549170742749176;0,00552930460347758
"1394";0,00549093628723314;0,00552827429461789
"1395";0,00549016051748755;0,00552726720834707
"1396";0,00548938772384072;0,00552625818686052
"1397";0,00548861823697031;0,00552521626670639
"1398";0,00548784345925764;0,00552420608409039
"1399";0,00548706967357789;0,00552319628851754
"1400";0,00548629985602983;0,00552218339659951
"1401";0,00548552805441593;0,00552115811930074
"1402";0,00548475989025608;0,00552015490346141
"1403";0,00548399073406331;0,00551912111121339
"1404";0,00548322025515997;0,00551812331397812
"1405";0,00548245209100012;0,00551710074598139
"1406";0,00548168359616262;0,00551608437067502
"1407";0,00548091212522636;0,00551506799536866
"1408";0,00548014693716528;0,00551406129614099
"1409";0,00547937877300543;0,00551304646900722
"1410";0,00547861424629963;0,0055120215787516
"1411";0,00547784409807393;0,00551100559048838
"1412";0,0054770752725588;0,00550997876501703
"1413";0,0054763123992412;0,00550898793455842
"1414";0,00547554522711427;0,00550796227021651
"1415";0,00547478136176375;0,00550696408593809
"1416";0,00547401022150513;0,00550595003289062
"1417";0,00547324933225338;0,00550493094828222
"1418";0,00547248182944881;0,00550391031550123
"1419";0,00547171498799952;0,00550290206810097
"1420";0,00547095376807013;0,00550188878913978
"1421";0,00547018957204197;0,00550088015469638
"1422";0,00546942438398089;0,00549986764982149
"1423";0,00546866151066329;0,00549885553198975
"1424";0,00546790293615503;0,00549784496233061
"1425";0,00546714072419271;0,00549683052223998
"1426";0,0054663801656186;0,00549581840440824
"1427";0,0054656100173929;0,00549479428823892
"1428";0,0054648527655952;0,00549379649100366
"1429";0,00546409352973165;0,00549278437317192
"1430";0,00546333164844698;0,00549177960915999
"1431";0,00546256976716231;0,00549077639332065
"1432";0,00546181317671989;0,00548975382532392
"1433";0,00546104964204701;0,00548874596496681
"1434";0,00546028842211762;0,00548773423417822
"1435";0,00545953249303048;0,00548671321435408
"1436";0,00545877226513401;0,00548572586728381
"1437";0,00545801600536923;0,00548471026606374
"1438";0,0054572544547622;0,00548369969640459
"1439";0,00545649488822101;0,00548269377126322
"1440";0,0054557432579432;0,00548168010525889
"1441";0,00545498402207966;0,00548066372995253
"1442";0,00545423073841365;0,00547964077491265
"1443";0,00545346521967492;0,00547863252751239
"1444";0,00545271160533127;0,00547764866383045
"1445";0,00545195732963234;0,0054766284180926
"1446";0,00545120206190048;0,00547560585009587
"1447";0,00545044150332637;0,00547461966415504
"1448";0,00544968954237093;0,00547359516094257
"1449";0,0054489312985403;0,00547257297998899
"1450";0,00544818066029542;0,00547156899006336
"1451";0,00544742373917536;0,00547054990545496
"1452";0,00544666880212115;0,0054695416580547
"1453";0,00544591254235637;0,00546853379769759
"1454";0,00544515760530215;0,00546753251707399
"1455";0,00544440002282681;0,00546652543080318
"1456";0,00544364938458193;0,00546549667011608
"1457";0,00544289444752771;0,00546448958384526
"1458";0,00544214347860519;0,0054634902384374
"1459";0,00544138986426154;0,00546247657243308
"1460";0,00544063922601665;0,00546145516556579
"1461";0,00543988627302829;0,00546046743145237
"1462";0,00543913067461879;0,00545944950797341
"1463";0,00543837772163042;0,00545843390675334
"1464";0,00543762344593149;0,00545741946666272
"1465";0,00543686983158784;0,00545640889700357
"1466";0,00543611357182306;0,0054553940698698
"1467";0,00543536590967694;0,00545436376101011
"1468";0,00543461295668857;0,00545334777274689
"1469";0,00543386099573313;0,00545234610508015
"1470";0,00543310870410004;0,00545132740751489
"1471";0,00543235971924336;0,00545031103220853
"1472";0,00543160676625499;0,00544930162367883
"1473";0,00543085678936539;0,00544828873176079
"1474";0,0054301028443441;0,00544728125844683
"1475";0,00542934956067809;0,00544624398281048
"1476";0,00542860123717669;0,00544524270218688
"1477";0,00542785258299765;0,00544423639000236
"1478";0,00542709963000928;0,00544322930373155
"1479";0,00542635097583025;0,00544219938191501
"1480";0,00542559967623008;0,00544117797504772
"1481";0,00542484771527464;0,00544017475920838
"1482";0,00542409641567447;0,00543915838390202
"1483";0,00542334511607431;0,00543814897537231
"1484";0,00542260043002696;0,00543711866651263
"1485";0,00542184879974915;0,00543609493738645
"1486";0,00542110146828068;0,00543507159530342
"1487";0,0054203508300358;0,00543406799242094
"1488";0,00541959986111327;0,00543303613538866
"1489";0,00541885153761188;0,0054320271139021
"1490";0,00541810453682105;0,00543099874025815
"1491";0,0054173542292538;0,00542998739651271
"1492";0,0054166042523642;0,00542898340658708
"1493";0,00541585659021809;0,00542795387181369
"1494";0,00541510562129556;0,0054269316908601
"1495";0,0054143615966035;0,00542590254312986
"1496";0,00541360864361513;0,00542489119938442
"1497";0,0054128632962125;0,0054238655350425
"1498";0,00541211365000054;0,00542285264312447
"1499";0,00541136929463084;0,00542181652861756
"1500";0,00541062163248472;0,00542080441078582
"1501";0,0054098706635622;0,00541978377800483
"1502";0,00540912300141608;0,00541875888774921
"1503";0,00540837104046064;0,00541774754400377
"1504";0,00540762899983442;0,00541672265374815
"1505";0,00540688034565538;0,00541568808741384
"1506";0,00540613036876578;0,00541467364732321
"1507";0,00540538237594202;0,00541365301454222
"1508";0,00540463768989468;0,0054126103203018
"1509";0,00540389631062374;0,00541158891343451
"1510";0,00540314137356953;0,00541057292517129
"1511";0,00540239635684454;0,00540952597345625
"1512";0,00540164373453381;0,00540849334233767
"1513";0,00540089871780882;0,00540746574278002
"1514";0,00540015568514968;0,00540643388574774
"1515";0,005399406700293;0,005405411317751
"1516";0,00539865903814689;0,00540439842583297
"1517";0,00539790773854672;0,0054033561186357
"1518";0,00539716040707825;0,00540233238950952
"1519";0,00539641770509675;0,00540131485307371
"1520";0,00539567169633884;0,00540026519205663
"1521";0,00539492436487037;0,00539924030180101
"1522";0,0053941730652702;0,00539820999294132
"1523";0,00539342837922285;0,00539717465252071
"1524";0,00539268303182023;0,00539614047322954
"1525";0,00539193636170703;0,00539510319759319
"1526";0,005391187707528;0,00539404966614463
"1527";0,00539044004538188;0,00539304838552103
"1528";0,00538969635136746;0,00539199446702932
"1529";0,00538894637447786;0,00539094480601224
"1530";0,00538819970436467;0,00538990791741904
"1531";0,00538745071950799;0,00538888999394008
"1532";0,00538670305736187;0,00538785117013114
"1533";0,00538595770995924;0,00538680112207091
"1534";0,00538520773306964;0,00538576036304622
"1535";0,00538446073227881;0,00538473044122968
"1536";0,00538371108606685;0,00538368310247149
"1537";0,0053829647466313;0,00538264582683514
"1538";0,00538221939922867;0,00538161242163026
"1539";0,0053814737211484;0,00538057088851929
"1540";0,00538072605900229;0,00537952858132201
"1541";0,005379972113981;0,00537846227744957
"1542";0,00537922775861129;0,00537743158154673
"1543";0,00537848174985338;0,00537639895042816
"1544";0,0053777311116085;0,00537535625618774
"1545";0,00537698708691643;0,00537431472307676
"1546";0,00537623711002683;0,00537325461189468
"1547";0,00537548415703846;0,00537220727313649
"1548";0,00537473715624763;0,00537116419185292
"1549";0,00537398850206859;0,00537011298266324
"1550";0,00537323786382371;0,00536905674191264
"1551";0,00537249615387513;0,00536801249949963
"1552";0,00537174386224204;0,00536696787004347
"1553";0,0053709935546748;0,00536592169241472
"1554";0,00537024886862746;0,00536487164435449
"1555";0,00536950054512606;0,00536380611456834
"1556";0,00536874891484825;0,00536276883893199
"1557";0,00536800455947855;0,00536171414635398
"1558";0,00536725557462187;0,00536065674447394
"1559";0,0053665082431534;0,00535961675953555
"1560";0,00536575595152031;0,00535855122974941
"1561";0,00536501126547296;0,00535750195577547
"1562";0,00536425963519516;0,00535644532798173
"1563";0,00536350635152915;0,00535537902410928
"1564";0,00536276067344888;0,00535433168535109
"1565";0,00536201367265804;0,00535328589476548
"1566";0,00536126071966968;0,00535222268723822
"1567";0,0053605133882012;0,00535115367406374
"1568";0,00535976043521283;0,00535008891836389
"1569";0,00535901211171144;0,00534905435202958
"1570";0,00535826048143363;0,0053479764368627
"1571";0,00535750686708998;0,00534690935890396
"1572";0,00535675689020038;0,00534585350519651
"1573";0,00535600922805426;0,00534477288072759
"1574";0,00535525726709882;0,00534372051040848
"1575";0,00535450332207753;0,00534264840088881
"1576";0,00535375764399726;0,0053415960305697
"1577";0,00535300336829832;0,00534053437121503
"1578";0,00535225339140872;0,00533946806734258
"1579";0,00535150374519676;0,00533839905416811
"1580";0,00535074946949783;0,00533732075195808
"1581";0,00534999949260823;0,00533626451120748
"1582";0,00534924455555401;0,00533519665916245
"1583";0,00534849160256564;0,0053341125513052
"1584";0,00534774096432076;0,0053330392806561
"1585";0,00534698834201003;0,00533195517279885
"1586";0,00534623704240987;0,00533090783404065
"1587";0,00534548375874386;0,00532983069296007
"1588";0,00534472650694616;0,00532875084257745
"1589";0,00534397653005656;0,00532769731112889
"1590";0,00534322390774583;0,00532659307702795
"1591";0,00534247227746802;0,00532552251568088
"1592";0,00534172031651258;0,00532443879486679
"1593";0,00534096174200431;0,00532337326508064
"1594";0,00534020746630538;0,00532230580007875
"1595";0,00533945583602757;0,0053212143384017
"1596";0,00533870321371684;0,00532012945645815
"1597";0,00533794926869555;0,00531905425059331
"1598";0,00533719499299662;0,00531798407628939
"1599";0,0053364384025542;0,00531689454982807
"1600";0,00533568578024347;0,00531580966788453
"1601";0,00533492687505756;0,00531474375105523
"1602";0,00533417590613504;0,00531365577276651
"1603";0,0053334183236597;0,00531255734431279
"1604";0,00533266140253964;0,00531145040090982
"1605";0,00533190415074194;0,00531038758042571
"1606";0,00533114359216783;0,00530929960213698
"1607";0,00533039130053474;0,0053082232351427
"1608";0,00532963933957929;0,00530713680502656
"1609";0,00532887481287349;0,0053060364413571
"1610";0,00532811689972051;0,00530495117237042
"1611";0,00532736030927809;0,00530385738843447
"1612";0,00532660834832264;0,00530278566595796
"1613";0,00532584778974853;0,00530167872255499
"1614";0,00532509020727319;0,00530060777416477
"1615";0,00532433031005436;0,00529949734737347
"1616";0,00532357041283553;0,00529840201526493
"1617";0,00532281216900491;0,00529731752036454
"1618";0,00532205392517428;0,00529623960519766
"1619";0,00532129568134366;0,00529513730631246
"1620";0,0053205331387037;0,00529403887785874
"1621";0,00531977489487308;0,00529293503080096
"1622";0,00531901400562133;0,00529182305583706
"1623";0,00531825642314599;0,00529073933502296
"1624";0,00531750148609177;0,00528964477700072
"1625";0,00531673563667541;0,00528854944489219
"1626";0,00531597441674602;0,00528744211444607
"1627";0,00531521253546134;0,00528635452320049
"1628";0,00531445197688723;0,00528523054989901
"1629";0,00531368645814851;0,00528413870117881
"1630";0,00531292722228496;0,00528305420627842
"1631";0,00531216203422388;0,00528193332932212
"1632";0,0053114001529392;0,0052808356749547
"1633";0,00531063727962161;0,00527974343919135
"1634";0,00530986812342883;0,00527863533465893
"1635";0,00530910624214416;0,00527754155072299
"1636";0,00530834303814892;0,00527641331994688
"1637";0,0053075791727984;0,00527529283003374
"1638";0,0053068146460926;0,00527419169227798
"1639";0,00530605144209736;0,00527309248973797
"1640";0,00530528625403628;0,00527198051477407
"1641";0,00530452238868576;0,00527086505642185
"1642";0,00530376116875637;0,00526976740205443
"1643";0,00530299333527416;0,00526864342875295
"1644";0,00530222649382487;0,00526755390229163
"1645";0,00530145799898738;0,00526641986586831
"1646";0,00530069744041326;0,00526529976299831
"1647";0,00529992630015465;0,00526418469168923
"1648";0,00529916177344884;0,0052630885854944
"1649";0,00529839625471012;0,00526195145272589
"1650";0,00529762412241858;0,0052608669578255
"1651";0,0052968549662258;0,00525973369548847
"1652";0,0052960960610399;0,00525861823713625
"1653";0,00529532525145892;0,00525748381366977
"1654";0,00529456039407548;0,00525636332375663
"1655";0,00529379222991562;0,00525525018766329
"1656";0,00529302373507813;0,00525413976087199
"1657";0,00529225358685243;0,00525301075600958
"1658";0,00529148608404786;0,00525189761991625
"1659";0,00529071626649981;0,00525076706688125
"1660";0,00528995041708344;0,00524966825138439
"1661";0,00528917960750246;0,00524853847243569
"1662";0,00528841045130969;0,00524740482305552
"1663";0,00528763666562994;0,00524628588131496
"1664";0,00528686552537132;0,00524516268209978
"1665";0,00528609306240214;0,00524404722374755
"1666";0,00528532622095285;0,00524290854280645
"1667";0,00528455541137187;0,00524179037515219
"1668";0,00528377997230392;0,00524065324238368
"1669";0,00528301081611115;0,00523953700994516
"1670";0,00528223901449725;0,00523840916621221
"1671";0,00528146555949514;0,00523729138560109
"1672";0,00528069078178247;0,00523614612492648
"1673";0,0052799160040698;0,00523501441076204
"1674";0,00527914387177826;0,0052338834706839
"1675";0,00527837603829605;0,00523275330469206
"1676";0,00527760324464922;0,00523162313870021
"1677";0,00527682846693655;0,00523050148765762
"1678";0,00527605269719096;0,00522938099774447
"1679";0,00527528221828762;0,00522824541314856
"1680";0,00527450347244326;0,00522710750629376
"1681";0,00527373299353992;0,0052259699864821
"1682";0,00527295259430736;0,00522483943344711
"1683";0,00527218013133818;0,00522370578406693
"1684";0,00527140403091494;0,00522257987554971
"1685";0,00527063123726812;0,00522144467799695
"1686";0,00526984885396971;0,00522030638409899
"1687";0,00526908002845457;0,00521915957525179
"1688";0,00526830029057729;0,00521804063351123
"1689";0,00526752716625282;0,0052168984691818
"1690";0,00526675172718487;0,00521574391947164
"1691";0,00526597397337343;0,00521460833487573
"1692";0,00526519092871974;0,00521347352436611
"1693";0,00526441615100707;0,00521234684176259
"1694";0,00526364401871553;0,00521119887178594
"1695";0,00526285898999599;0,00521006367423318
"1696";0,00526208255889512;0,00520891338199764
"1697";0,00526130215966255;0,00520778437713524
"1698";0,00526052473652875;0,00520662479586415
"1699";0,00525974367594091;0,00520548456675046
"1700";0,00525896195399778;0,00520434820806825
"1701";0,00525818519221926;0,00520319946400531
"1702";0,0052574064463749;0,00520207510366068
"1703";0,00525662935391874;0,00520093177820181
"1704";0,00525584498655449;0,00519978148596627
"1705";0,00525506491799956;0,00519863080668759
"1706";0,00525428187334587;0,00519749444800538
"1707";0,00525349949004746;0,00519634725211503
"1708";0,00525272206691366;0,0051951954117069
"1709";0,00525193307006243;0,00519407763109579
"1710";0,00525116391386966;0,00519292617773081
"1711";0,00525037855447248;0,00519176195194195
"1712";0,00524959517914115;0,00519061978761252
"1713";0,00524881312652038;0,00518948033258512
"1714";0,00524802710576791;0,00518833391078107
"1715";0,0052472430690813;0,00518718323150238
"1716";0,00524646366188166;0,00518603487448259
"1717";0,00524567863316212;0,00518488845267853
"1718";0,00524490220206124;0,00518374551426281
"1719";0,00524410791436776;0,00518260954262374
"1720";0,00524331957887181;0,0051814414464034
"1721";0,00524253884896161;0,0051803035395486
"1722";0,00524175382024207;0,0051791284765516
"1723";0,00524097011423309;0,00517797315275514
"1724";0,00524017946399366;0,00517682905320997
"1725";0,00523939939543874;0,00517567218124092
"1726";0,0052386070918111;0,00517451801857391
"1727";0,00523782107105864;0,00517335611504394
"1728";0,00523703505030617;0,00517222091749117
"1729";0,00523624902955371;0,00517107372160082
"1730";0,0052354593713472;0,00516991917189065
"1731";0,00523467368127238;0,00516876887965512
"1732";0,00523388567645408;0,00516760310569367
"1733";0,00523309965570162;0,0051664590061485
"1734";0,00523231396562679;0,00516529478035964
"1735";0,00523152166199916;0,00516414061769263
"1736";0,00523073365718085;0,00516298645502561
"1737";0,00522994135355321;0,00516184738704136
"1738";0,00522915401009019;0,00516067580743269
"1739";0,00522836071442963;0,0051595177743342
"1740";0,00522757502435481;0,00515837135253014
"1741";0,00522678834224706;0,00515718854867019
"1742";0,00522599306252066;0,00515605915676464
"1743";0,00522520340431414;0,005154900736623
"1744";0,00522441606085112;0,00515374696099913
"1745";0,00522362640264461;0,00515258002590824
"1746";0,00522283343766169;0,00515144405426917
"1747";0,00522204444081046;0,00515026512084069
"1748";0,00522125345989338;0,00514911289338942
"1749";0,00522046214829867;0,00514794789351426
"1750";0,00521966951399339;0,00514678869928632
"1751";0,00521887654901047;0,00514562176419543
"1752";0,00521808920554744;0,00514446411814008
"1753";0,00521729557920924;0,00514330918138677
"1754";0,00521650096083812;0,00514216082436698
"1755";0,00521570931856576;0,00514099930788015
"1756";0,00521491966035925;0,0051398424359111
"1757";0,00521412636469869;0,00513869059550298
"1758";0,00521333670649218;0,00513751127503135
"1759";0,00521254671760802;0,00513636446618415
"1760";0,00521175540601331;0,00513520372378362
"1761";0,00521096144899747;0,00513403407939069
"1762";0,00521016683062634;0,00513288456124145
"1763";0,00520937551903163;0,00513172072249574
"1764";0,0052085809006605;0,00513054875584392
"1765";0,00520779157313163;0,00512939381909061
"1766";0,00520699199459589;0,00512820559662658
"1767";0,00520620101367882;0,00512707697880733
"1768";0,00520540705666297;0,0051259251383992
"1769";0,00520461376100241;0,00512476052556719
"1770";0,00520381583585488;0,0051236121685474
"1771";0,00520302022545083;0,00512244910388798
"1772";0,00520223222063252;0,00512128487809912
"1773";0,00520143264209679;0,00512012839317322
"1774";0,00520063967711386;0,00511897036007472
"1775";0,0051998463814533;0,00511781155288994
"1776";0,00519904845630577;0,00511665971248181
"1777";0,00519825747538869;0,00511548658470055
"1778";0,00519746351837285;0,00511433087386094
"1779";0,00519666658525824;0,00511318058162541
"1780";0,00519587362027532;0,00511200435749896
"1781";0,0051950750337725;0,00511084477622788
"1782";0,00519428041540138;0,00510968983947457
"1783";0,00519348116754328;0,0051085271618583
"1784";0,00519268919459328;0,00510736874171666
"1785";0,00519189358418924;0,00510620761227298
"1786";0,00519109698175227;0,00510506815724559
"1787";0,00519030104067058;0,00510391863909635
"1788";0,00518950344620068;0,00510274435018564
"1789";0,00518870816647428;0,00510158205961252
"1790";0,00518791420945843;0,00510042596172977
"1791";0,00518711727634382;0,00509925825255258
"1792";0,00518632067390685;0,00509810718623075
"1793";0,00518552837027921;0,00509696192555613
"1794";0,00518473011445404;0,00509581202036375
"1795";0,00518393318133943;0,00509463076467638
"1796";0,00518313591754718;0,00509347582792307
"1797";0,00518234096849841;0,00509231856891087
"1798";0,00518154271267323;0,00509117330823626
"1799";0,00518074544888098;0,00508999592298037
"1800";0,0051799455396676;0,00508885298456464
"1801";0,00517915621213873;0,00508769998302707
"1802";0,00517835696428063;0,00508653498315192
"1803";0,00517756135387659;0,00508537346666509
"1804";0,00517675879924208;0,00508422743190419
"1805";0,00517596748764736;0,00508306165794273
"1806";0,00517516625572342;0,0050819113657072
"1807";0,0051743660158324;0,00508076029938537
"1808";0,00517356842136251;0,0050795879456904
"1809";0,00517277016553733;0,00507843571823913
"1810";0,00517197025632395;0,00507727923331323
"1811";0,00517117596863047;0,00507611036300659
"1812";0,00517038002754878;0,00507495581329643
"1813";0,0051695857398553;0,00507380010245682
"1814";0,00516878417725371;0,00507264361753092
"1815";0,00516798691346146;0,00507149603459742
"1816";0,00516718931899157;0,00507035890182891
"1817";0,0051663943699428;0,00506919545012635
"1818";0,00516559413005178;0,00506804090041619
"1819";0,00516480678658876;0,00506687938392936
"1820";0,00516399861043435;0,00506574109003141
"1821";0,00516320663748436;0,00506459234596847
"1822";0,00516240507488277;0,00506341921818721
"1823";0,00516160946447872;0,00506227782794407
"1824";0,00516081352339704;0,00506113759883038
"1825";0,00516001493689422;0,00505998962885374
"1826";0,00515921668106904;0,00505885210904208
"1827";0,00515841941727679;0,00505767820717452
"1828";0,0051576201694187;0,00505651862590344
"1829";0,00515682125223824;0,00505538033200549
"1830";0,00515602531115655;0,00505424165106439
"1831";0,00515523201549599;0,00505308129570701
"1832";0,00515443640509194;0,00505194532406795
"1833";0,00515363881062205;0,0050507787760202
"1834";0,00515284220818508;0,00504964551368317
"1835";0,00515204825116923;0,0050484925121456
"1836";0,00515124900331114;0,00504733951060803
"1837";0,00515045008613068;0,00504620044262378
"1838";0,00514965546775955;0,00504504821517251
"1839";0,00514885489719089;0,00504390024519586
"1840";0,00514806094017505;0,00504275304930551
"1841";0,00514726466841572;0,00504161204610552
"1842";0,0051464700500446;0,00504046485021517
"1843";0,00514567146354178;0,00503932075067
"1844";0,00514487486110481;0,00503818787537612
"1845";0,00514407693595728;0,0050370441628741
"1846";0,00514328198690851;0,00503590741714874
"1847";0,00514248869124795;0,00503476176943098
"1848";0,0051416914274557;0,00503361573467007
"1849";0,00514089680908457;0,00503247860190156
"1850";0,00514010351342401;0,00503134727478027
"1851";0,0051393065803094;0,00503020162706251
"1852";0,00513851163126063;0,00502906255907827
"1853";0,00513771635153423;0,0050279273615255
"1854";0,00513692537061715;0,00502677861746255
"1855";0,00513612579208141;0,00502564690329812
"1856";0,00513533315777613;0,00502452680042812
"1857";0,00513454118482614;0,0050233830879261
"1858";0,00513374127561276;0,00502226530731498
"1859";0,00513295095605096;0,00502112314298555
"1860";0,00513215236954815;0,00501998755838964
"1861";0,00513136039659815;0,00501884887744854
"1862";0,00513056677025995;0,00501770864833485
"1863";0,00512976355427016;0,00501656183948765
"1864";0,00512897554945185;0,00501543438279784
"1865";0,0051281855605677;0,0050143018945471
"1866";0,00512738995016365;0,00501319301592839
"1867";0,00512659665450309;0,00501206672036803
"1868";0,00512580137477668;0,00501094429523914
"1869";0,00512500840979376;0,00500979284187416
"1870";0,00512421379142264;0,00500868976890267
"1871";0,0051234271093149;0,00500756076404027
"1872";0,00512263017620028;0,0050064151163225
"1873";0,00512183919528321;0,00500528030581289
"1874";0,00512104689165557;0,00500416484746066
"1875";0,00512025723344906;0,00500303042399419
"1876";0,00511946228440029;0,00500190567660641
"1877";0,00511866568196332;0,00500078712190901
"1878";0,00511788065324379;0,00499967359877252
"1879";0,00511708801893851;0,0049985484643416
"1880";0,00511630067547548;0,00499742487808327
"1881";0,00511550903320312;0,00499630283999753
"1882";0,00511471540686492;0,00499518776868845
"1883";0,00511392508730313;0,00499407501963826
"1884";0,00511314105061651;0,00499295104633678
"1885";0,0051123497390218;0,00499182823416475
"1886";0,00511155578200596;0,00499071471102826
"1887";0,00511075984092427;0,00498960273606437
"1888";0,00510997613491529;0,0049885039205675
"1889";0,00510918482332058;0,00498737568979139
"1890";0,00510839913324576;0,00498625365170566
"1891";0,0051076074909734;0,00498514748238898
"1892";0,00510682444631971;0,00498403279812305
"1893";0,00510603379608027;0,00498291114708046
"1894";0,0051052444685514;0,00498180691297952
"1895";0,00510446175457535;0,00498070538818062
"1896";0,00510366978162535;0,00497961005607209
"1897";0,00510288475290582;0,00497847834190765
"1898";0,00510209740944279;0,00497738804136004
"1899";0,00510131304207853;0,00497627258300781
"1900";0,00510052900539192;0,00497517221933835
"1901";0,00509974298463946;0,00497406063141761
"1902";0,00509895531049879;0,00497295717140297
"1903";0,00509817424991094;0,0049718591299924
"1904";0,00509738889051377;0,0049707576051935
"1905";0,00509660419247187;0,00496965762856719
"1906";0,00509582147849582;0,00496856655393328
"1907";0,00509503446571043;0,00496747276999734
"1908";0,0050942510903791;0,00496637705084565
"1909";0,00509346738437012;0,0049652766871762
"1910";0,00509268566242699;0,00496417322716156
"1911";0,00509190162574038;0,00496308524887283
"1912";0,00509111891176433;0,00496197598321097
"1913";0,00509034115795289;0,0049608972939578
"1914";0,0050895524917793;0,00495982828078332
"1915";0,00508877903677719;0,00495874997857329
"1916";0,00508799235466945;0,00495764961490383
"1917";0,00508721724627914;0,00495655389575215
"1918";0,00508643717772422;0,00495545856364362
"1919";0,00508565743984693;0,00495438335777877
"1920";0,00508487902468021;0,00495328144593672
"1921";0,00508409697205944;0,0049522015955541
"1922";0,00508332153299149;0,00495112522855982
"1923";0,00508254311782477;0,00495005544129904
"1924";0,00508176602536861;0,00494897559091642
"1925";0,00508098628749133;0,00494788877375714
"1926";0,00508021250181158;0,00494680505294304
"1927";0,00507944036952004;0,00494573139525079
"1928";0,00507866592248501;0,00494465270599762
"1929";0,00507789345951583;0,00494359414298813
"1930";0,0050771173590926;0,00494251390556236
"1931";0,00507634489612341;0,00494143869969752
"1932";0,00507556747298962;0,00494036504200527
"1933";0,00507479368730987;0,00493930415673689
"1934";0,00507401527214315;0,0049382390139939
"1935";0,00507324644662801;0,00493715606726609
"1936";0,00507247431433647;0,00493608976339365
"1937";0,00507170085933437;0,00493501920204658
"1938";0,00507093633262857;0,00493396102608024
"1939";0,00507016221627118;0,0049328954962941
"1940";0,00506939239872312;0,00493182493494703
"1941";0,00506862059710922;0,00493078030549087
"1942";0,0050678550783705;0,00492971284048898
"1943";0,00506709055166469;0,00492864227914191
"1944";0,00506631775801787;0,00492759455334056
"1945";0,0050655519086015;0,0049265328939859
"1946";0,00506478506715222;0,00492547278280382
"1947";0,00506401260418303;0,00492443202377914
"1948";0,00506324973086544;0,00492338545910724
"1949";0,00506247759857389;0,00492232844427034
"1950";0,00506171703999978;0,0049212540124918
"1951";0,00506095548939275;0,00492022138137322
"1952";0,00506018930929874;0,00491917210739928
"1953";0,00505941816904012;0,00491813173541775
"1954";0,00505865562640017;0,00491706930197679
"1955";0,00505789407579314;0,00491603241338358
"1956";0,00505712756502149;0,00491497733376243
"1957";0,0050563679984803;0,0049139369617809
"1958";0,00505560479448506;0,00491288613963437
"1959";0,00505483993710162;0,00491184654173913
"1960";0,00505407970920515;0,00491082977938962
"1961";0,0050533188199534;0,00490979482601215
"1962";0,00505255859205693;0,00490874980951284
"1963";0,00505179737212754;0,00490772453221408
"1964";0,00505103879761927;0,00490667371006755
"1965";0,00505027956175573;0,00490565036798452
"1966";0,00504952197928038;0,00490460689965781
"1967";0,00504876075935099;0,00490357891305701
"1968";0,0050480011928098;0,00490254125037751
"1969";0,00504724857049908;0,00490152487507114
"1970";0,00504648602785912;0,00490049959777238
"1971";0,00504573406690367;0,00489947161117157
"1972";0,00504498144459295;0,00489844014118244
"1973";0,00504422154737412;0,00489742028248775
"1974";0,00504346925574103;0,00489638726432602
"1975";0,00504271233462097;0,00489537553353743
"1976";0,00504195673621147;0,00489436573796458
"1977";0,00504121304219705;0,00489334471814044
"1978";0,00504045777446519;0,00489234266343055
"1979";0,00503970713622031;0,00489133248081455
"1980";0,0050389555059425;0,00489031262211985
"1981";0,00503820486769762;0,00488930863219422
"1982";0,00503745720555151;0,00488827987150712
"1983";0,00503670359120786;0,00488728246131501
"1984";0,0050359555983841;0,00488626376374975
"1985";0,0050352056214945;0,00488527602963633
"1986";0,00503445961273659;0,00488426971745181
"1987";0,00503370897449171;0,00488325566440434
"1988";0,00503296329641144;0,00488224548178834
"1989";0,00503221629562061;0,00488123723438808
"1990";0,00503146731076393;0,00488024988731781
"1991";0,00503072460878243;0,00487925712164346
"1992";0,00502997893070216;0,0048782585503219
"1993";0,00502923556736537;0,00487726810690645
"1994";0,00502849286538387;0,00487627030967118
"1995";0,00502774222713899;0,00487526748087499
"1996";0,00502700415464446;0,0048742654261651
"1997";0,00502626376740645;0,00487328852925982
"1998";0,00502551808932618;0,0048722903449814
"1999";0,00502477803276581;0,00487130299791113
"2000";0,0050240426056924;0,00487032532691956
